DEPARTAMENTO,PROVINCIA,DISTRITO,Population
AMAZONAS,CHACHAPOYAS,CHACHAPOYAS,36834
AMAZONAS,CHACHAPOYAS,ASUNCION,265
AMAZONAS,CHACHAPOYAS,BALSAS,1243
AMAZONAS,CHACHAPOYAS,CHETO,654
AMAZONAS,CHACHAPOYAS,CHILIQUIN,600
AMAZONAS,CHACHAPOYAS,CHUQUIBAMBA,1998
AMAZONAS,CHACHAPOYAS,GRANADA,496
AMAZONAS,CHACHAPOYAS,HUANCAS,1330
AMAZONAS,CHACHAPOYAS,LA JALCA,4364
AMAZONAS,CHACHAPOYAS,LEIMEBAMBA,3913
AMAZONAS,CHACHAPOYAS,LEVANTO,819
AMAZONAS,CHACHAPOYAS,MAGDALENA,894
AMAZONAS,CHACHAPOYAS,MARISCAL CASTILLA,1469
AMAZONAS,CHACHAPOYAS,MOLINOPAMPA,2365
AMAZONAS,CHACHAPOYAS,MONTEVIDEO,497
AMAZONAS,CHACHAPOYAS,OLLEROS,403
AMAZONAS,CHACHAPOYAS,QUINJALCA,805
AMAZONAS,CHACHAPOYAS,SAN FRANCISCO DE DAGUAS,295
AMAZONAS,CHACHAPOYAS,SAN ISIDRO DE MAINO,598
AMAZONAS,CHACHAPOYAS,SOLOCO,1287
AMAZONAS,CHACHAPOYAS,SONCHE,250
AMAZONAS,BAGUA,BAGUA,29538
AMAZONAS,BAGUA,ARAMANGO,10733
AMAZONAS,BAGUA,COPALLIN,5040
AMAZONAS,BAGUA,EL PARCO,1306
AMAZONAS,BAGUA,IMAZA,30997
AMAZONAS,BAGUA,LA PECA,6831
AMAZONAS,BONGARA,JUMBILLA,1372
AMAZONAS,BONGARA,CHISQUILLA,306
AMAZONAS,BONGARA,CHURUJA,284
AMAZONAS,BONGARA,COROSHA,807
AMAZONAS,BONGARA,CUISPES,690
AMAZONAS,BONGARA,FLORIDA,6520
AMAZONAS,BONGARA,JAZAN,8190
AMAZONAS,BONGARA,RECTA,210
AMAZONAS,BONGARA,SAN CARLOS,488
AMAZONAS,BONGARA,SHIPASBAMBA,1639
AMAZONAS,BONGARA,VALERA,897
AMAZONAS,BONGARA,YAMBRASBAMBA,6013
AMAZONAS,CONDORCANQUI,NIEVA,22172
AMAZONAS,CONDORCANQUI,EL CENEPA,12118
AMAZONAS,CONDORCANQUI,RIO SANTIAGO,17506
AMAZONAS,LUYA,LAMUD,2359
AMAZONAS,LUYA,CAMPORREDONDO,7425
AMAZONAS,LUYA,COCABAMBA,2149
AMAZONAS,LUYA,COLCAMAR,2030
AMAZONAS,LUYA,CONILA,1974
AMAZONAS,LUYA,INGUILPATA,488
AMAZONAS,LUYA,LONGUITA,904
AMAZONAS,LUYA,LONYA CHICO,865
AMAZONAS,LUYA,LUYA,4184
AMAZONAS,LUYA,LUYA VIEJO,399
AMAZONAS,LUYA,MARIA,784
AMAZONAS,LUYA,OCALLI,3969
AMAZONAS,LUYA,OCUMAL,3817
AMAZONAS,LUYA,PISUQUIA,5278
AMAZONAS,LUYA,PROVIDENCIA,1429
AMAZONAS,LUYA,SAN CRISTOBAL,556
AMAZONAS,LUYA,SAN FRANCISCO DE YESO,729
AMAZONAS,LUYA,SAN JERONIMO,644
AMAZONAS,LUYA,SAN JUAN DE LOPECANCHA,434
AMAZONAS,LUYA,SANTA CATALINA,2110
AMAZONAS,LUYA,SANTO TOMAS,3216
AMAZONAS,LUYA,TINGO,1362
AMAZONAS,LUYA,TRITA,1447
AMAZONAS,RODRIGUEZ DE MENDOZA,SAN NICOLAS,6275
AMAZONAS,RODRIGUEZ DE MENDOZA,CHIRIMOTO,2735
AMAZONAS,RODRIGUEZ DE MENDOZA,COCHAMAL,610
AMAZONAS,RODRIGUEZ DE MENDOZA,HUAMBO,2731
AMAZONAS,RODRIGUEZ DE MENDOZA,LIMABAMBA,2528
AMAZONAS,RODRIGUEZ DE MENDOZA,LONGAR,1689
AMAZONAS,RODRIGUEZ DE MENDOZA,MARISCAL BENAVIDES,1547
AMAZONAS,RODRIGUEZ DE MENDOZA,MILPUCC,446
AMAZONAS,RODRIGUEZ DE MENDOZA,OMIA,9770
AMAZONAS,RODRIGUEZ DE MENDOZA,SANTA ROSA,501
AMAZONAS,RODRIGUEZ DE MENDOZA,TOTORA,273
AMAZONAS,RODRIGUEZ DE MENDOZA,VISTA ALEGRE,3419
AMAZONAS,UTCUBAMBA,BAGUA GRANDE,57381
AMAZONAS,UTCUBAMBA,CAJARURO,25659
AMAZONAS,UTCUBAMBA,CUMBA,9068
AMAZONAS,UTCUBAMBA,EL MILAGRO,6561
AMAZONAS,UTCUBAMBA,JAMALCA,7482
AMAZONAS,UTCUBAMBA,LONYA GRANDE,11251
AMAZONAS,UTCUBAMBA,YAMON,3292
ANCASH,HUARAZ,HUARAZ,67795
ANCASH,HUARAZ,COCHABAMBA,1777
ANCASH,HUARAZ,COLCABAMBA,321
ANCASH,HUARAZ,HUANCHAY,1778
ANCASH,HUARAZ,INDEPENDENCIA,83982
ANCASH,HUARAZ,JANGAS,5175
ANCASH,HUARAZ,LA LIBERTAD,1149
ANCASH,HUARAZ,OLLEROS,2567
ANCASH,HUARAZ,PAMPAS GRANDE,1053
ANCASH,HUARAZ,PARIACOTO,5173
ANCASH,HUARAZ,PIRA,3639
ANCASH,HUARAZ,TARICA,7228
ANCASH,AIJA,AIJA,2222
ANCASH,AIJA,CORIS,1758
ANCASH,AIJA,HUACLLAN,374
ANCASH,AIJA,LA MERCED,1666
ANCASH,AIJA,SUCCHA,743
ANCASH,ANTONIO RAIMONDI,LLAMELLIN,3571
ANCASH,ANTONIO RAIMONDI,ACZO,2067
ANCASH,ANTONIO RAIMONDI,CHACCHO,1447
ANCASH,ANTONIO RAIMONDI,CHINGAS,1990
ANCASH,ANTONIO RAIMONDI,MIRGAS,4405
ANCASH,ANTONIO RAIMONDI,SAN JUAN DE RONTOY,1234
ANCASH,ASUNCION,CHACAS,4977
ANCASH,ASUNCION,ACOCHACA,3115
ANCASH,BOLOGNESI,CHIQUIAN,4156
ANCASH,BOLOGNESI,ABELARDO PARDO LEZAMETA,251
ANCASH,BOLOGNESI,ANTONIO RAIMONDI,1041
ANCASH,BOLOGNESI,AQUIA,2280
ANCASH,BOLOGNESI,CAJACAY,1887
ANCASH,BOLOGNESI,CANIS,327
ANCASH,BOLOGNESI,COLQUIOC,2575
ANCASH,BOLOGNESI,HUALLANCA,7027
ANCASH,BOLOGNESI,HUASTA,1535
ANCASH,BOLOGNESI,HUAYLLACAYAN,1367
ANCASH,BOLOGNESI,LA PRIMAVERA,473
ANCASH,BOLOGNESI,MANGAS,506
ANCASH,BOLOGNESI,PACLLON,967
ANCASH,BOLOGNESI,SAN MIGUEL DE CORPANQUI,511
ANCASH,BOLOGNESI,TICLLOS,689
ANCASH,CARHUAZ,CARHUAZ,16456
ANCASH,CARHUAZ,ACOPAMPA,2789
ANCASH,CARHUAZ,AMASHCA,1578
ANCASH,CARHUAZ,ANTA,2605
ANCASH,CARHUAZ,ATAQUERO,1611
ANCASH,CARHUAZ,MARCARA,10594
ANCASH,CARHUAZ,PARIAHUANCA,1468
ANCASH,CARHUAZ,SAN MIGUEL DE ACO,2557
ANCASH,CARHUAZ,SHILLA,3062
ANCASH,CARHUAZ,TINCO,3731
ANCASH,CARHUAZ,YUNGAR,3349
ANCASH,CARLOS FERMIN FITZCARRALD,SAN LUIS,11472
ANCASH,CARLOS FERMIN FITZCARRALD,SAN NICOLAS,3438
ANCASH,CARLOS FERMIN FITZCARRALD,YAUYA,4441
ANCASH,CASMA,CASMA,38730
ANCASH,CASMA,BUENA VISTA ALTA,5219
ANCASH,CASMA,COMANDANTE NOEL,2333
ANCASH,CASMA,YAUTAN,9026
ANCASH,CORONGO,CORONGO,1805
ANCASH,CORONGO,ACO,390
ANCASH,CORONGO,BAMBAS,474
ANCASH,CORONGO,CUSCA,2931
ANCASH,CORONGO,LA PAMPA,1104
ANCASH,CORONGO,YANAC,676
ANCASH,CORONGO,YUPAN,735
ANCASH,HUARI,HUARI,10016
ANCASH,HUARI,ANRA,1500
ANCASH,HUARI,CAJAY,2788
ANCASH,HUARI,CHAVIN DE HUANTAR,8816
ANCASH,HUARI,HUACACHI,1923
ANCASH,HUARI,HUACCHIS,1527
ANCASH,HUARI,HUACHIS,3712
ANCASH,HUARI,HUANTAR,2873
ANCASH,HUARI,MASIN,1486
ANCASH,HUARI,PAUCAS,1678
ANCASH,HUARI,PONTO,2909
ANCASH,HUARI,RAHUAPAMPA,743
ANCASH,HUARI,RAPAYAN,1542
ANCASH,HUARI,SAN MARCOS,19037
ANCASH,HUARI,SAN PEDRO DE CHANA,2753
ANCASH,HUARI,UCO,1392
ANCASH,HUARMEY,HUARMEY,26659
ANCASH,HUARMEY,COCHAPETI,824
ANCASH,HUARMEY,CULEBRAS,3455
ANCASH,HUARMEY,HUAYAN,989
ANCASH,HUARMEY,MALVAS,807
ANCASH,HUAYLAS,CARAZ,26919
ANCASH,HUAYLAS,HUALLANCA,1096
ANCASH,HUAYLAS,HUATA,1448
ANCASH,HUAYLAS,HUAYLAS,1755
ANCASH,HUAYLAS,MATO,2027
ANCASH,HUAYLAS,PAMPAROMAS,8757
ANCASH,HUAYLAS,PUEBLO LIBRE,7109
ANCASH,HUAYLAS,SANTA CRUZ,4734
ANCASH,HUAYLAS,SANTO TORIBIO,1151
ANCASH,HUAYLAS,YURACMARCA,2152
ANCASH,MARISCAL LUZURIAGA,PISCOBAMBA,3271
ANCASH,MARISCAL LUZURIAGA,CASCA,4135
ANCASH,MARISCAL LUZURIAGA,ELEAZAR GUZMAN BARRON,1412
ANCASH,MARISCAL LUZURIAGA,FIDEL OLIVAS ESCUDERO,2086
ANCASH,MARISCAL LUZURIAGA,LLAMA,1073
ANCASH,MARISCAL LUZURIAGA,LLUMPA,6394
ANCASH,MARISCAL LUZURIAGA,LUCMA,2984
ANCASH,MARISCAL LUZURIAGA,MUSGA,1053
ANCASH,OCROS,OCROS,1324
ANCASH,OCROS,ACAS,708
ANCASH,OCROS,CAJAMARQUILLA,314
ANCASH,OCROS,CARHUAPAMPA,491
ANCASH,OCROS,COCHAS,1572
ANCASH,OCROS,CONGAS,1324
ANCASH,OCROS,LLIPA,290
ANCASH,OCROS,SAN CRISTOBAL DE RAJAN,451
ANCASH,OCROS,SAN PEDRO,659
ANCASH,OCROS,SANTIAGO DE CHILCAS,446
ANCASH,PALLASCA,CABANA,2703
ANCASH,PALLASCA,BOLOGNESI,1095
ANCASH,PALLASCA,CONCHUCOS,8084
ANCASH,PALLASCA,HUACASCHUQUE,549
ANCASH,PALLASCA,HUANDOVAL,1110
ANCASH,PALLASCA,LACABAMBA,529
ANCASH,PALLASCA,LLAPO,629
ANCASH,PALLASCA,PALLASCA,2592
ANCASH,PALLASCA,PAMPAS,4320
ANCASH,PALLASCA,SANTA ROSA,1169
ANCASH,PALLASCA,TAUCA,2933
ANCASH,POMABAMBA,POMABAMBA,15217
ANCASH,POMABAMBA,HUAYLLAN,3227
ANCASH,POMABAMBA,PAROBAMBA,6551
ANCASH,POMABAMBA,QUINUABAMBA,2380
ANCASH,RECUAY,RECUAY,4740
ANCASH,RECUAY,CATAC,4186
ANCASH,RECUAY,COTAPARACO,424
ANCASH,RECUAY,HUAYLLAPAMPA,643
ANCASH,RECUAY,LLACLLIN,946
ANCASH,RECUAY,MARCA,1722
ANCASH,RECUAY,PAMPAS CHICO,966
ANCASH,RECUAY,PARARIN,1657
ANCASH,RECUAY,TAPACOCHA,434
ANCASH,RECUAY,TICAPAMPA,2774
ANCASH,SANTA,CHIMBOTE,222044
ANCASH,SANTA,CACERES DEL PERU,4950
ANCASH,SANTA,COISHCO,17266
ANCASH,SANTA,MACATE,3448
ANCASH,SANTA,MORO,8645
ANCASH,SANTA,NEPEÑA,14980
ANCASH,SANTA,SAMANCO,5123
ANCASH,SANTA,SANTA,22213
ANCASH,SANTA,NUEVO CHIMBOTE,170160
ANCASH,SIHUAS,SIHUAS,5796
ANCASH,SIHUAS,ACOBAMBA,1740
ANCASH,SIHUAS,ALFONSO UGARTE,559
ANCASH,SIHUAS,CASHAPAMPA,3027
ANCASH,SIHUAS,CHINGALPO,958
ANCASH,SIHUAS,HUAYLLABAMBA,3865
ANCASH,SIHUAS,QUICHES,2519
ANCASH,SIHUAS,RAGASH,2521
ANCASH,SIHUAS,SAN JUAN,6942
ANCASH,SIHUAS,SICSIBAMBA,1583
ANCASH,YUNGAY,YUNGAY,22368
ANCASH,YUNGAY,CASCAPARA,1784
ANCASH,YUNGAY,MANCOS,7096
ANCASH,YUNGAY,MATACOTO,1540
ANCASH,YUNGAY,QUILLO,13254
ANCASH,YUNGAY,RANRAHIRCA,2988
ANCASH,YUNGAY,SHUPLUY,2001
ANCASH,YUNGAY,YANAMA,5752
APURIMAC,ABANCAY,ABANCAY,73742
APURIMAC,ABANCAY,CHACOCHE,1393
APURIMAC,ABANCAY,CIRCA,1865
APURIMAC,ABANCAY,CURAHUASI,17323
APURIMAC,ABANCAY,HUANIPACA,3054
APURIMAC,ABANCAY,LAMBRAMA,3056
APURIMAC,ABANCAY,PICHIRHUA,2828
APURIMAC,ABANCAY,SAN PEDRO DE CACHORA,2660
APURIMAC,ABANCAY,TAMBURCO,11564
APURIMAC,ANDAHUAYLAS,ANDAHUAYLAS,45218
APURIMAC,ANDAHUAYLAS,ANDARAPA,5721
APURIMAC,ANDAHUAYLAS,CHIARA,1193
APURIMAC,ANDAHUAYLAS,HUANCARAMA,5434
APURIMAC,ANDAHUAYLAS,HUANCARAY,3939
APURIMAC,ANDAHUAYLAS,HUAYANA,771
APURIMAC,ANDAHUAYLAS,KISHUARA,6560
APURIMAC,ANDAHUAYLAS,PACOBAMBA,3573
APURIMAC,ANDAHUAYLAS,PACUCHA,8585
APURIMAC,ANDAHUAYLAS,PAMPACHIRI,2323
APURIMAC,ANDAHUAYLAS,POMACOCHA,879
APURIMAC,ANDAHUAYLAS,SAN ANTONIO DE CACHI,3029
APURIMAC,ANDAHUAYLAS,SAN JERONIMO,22592
APURIMAC,ANDAHUAYLAS,SAN MIGUEL DE CHACCRAMPA,1718
APURIMAC,ANDAHUAYLAS,SANTA MARIA DE CHICMO,8892
APURIMAC,ANDAHUAYLAS,TALAVERA,19572
APURIMAC,ANDAHUAYLAS,TUMAY HUARACA,1974
APURIMAC,ANDAHUAYLAS,TURPO,3789
APURIMAC,ANDAHUAYLAS,KAQUIABAMBA,1800
APURIMAC,ANDAHUAYLAS,JOSE MARIA ARGUEDAS,4334
APURIMAC,ANTABAMBA,ANTABAMBA,2904
APURIMAC,ANTABAMBA,EL ORO,552
APURIMAC,ANTABAMBA,HUAQUIRCA,1953
APURIMAC,ANTABAMBA,JUAN ESPINOZA MEDRANO,1767
APURIMAC,ANTABAMBA,OROPESA,2443
APURIMAC,ANTABAMBA,PACHACONAS,1070
APURIMAC,ANTABAMBA,SABAINO,1094
APURIMAC,AYMARAES,CHALHUANCA,5157
APURIMAC,AYMARAES,CAPAYA,578
APURIMAC,AYMARAES,CARAYBAMBA,940
APURIMAC,AYMARAES,CHAPIMARCA,1909
APURIMAC,AYMARAES,COLCABAMBA,673
APURIMAC,AYMARAES,COTARUSE,2792
APURIMAC,AYMARAES,IHUAYLLO,441
APURIMAC,AYMARAES,JUSTO APU SAHUARAURA,751
APURIMAC,AYMARAES,LUCRE,1575
APURIMAC,AYMARAES,POCOHUANCA,1013
APURIMAC,AYMARAES,SAN JUAN DE CHACÑA,745
APURIMAC,AYMARAES,SAÑAYCA,1107
APURIMAC,AYMARAES,SORAYA,701
APURIMAC,AYMARAES,TAPAIRIHUA,1929
APURIMAC,AYMARAES,TINTAY,2349
APURIMAC,AYMARAES,TORAYA,1254
APURIMAC,AYMARAES,YANACA,954
APURIMAC,COTABAMBAS,TAMBOBAMBA,11066
APURIMAC,COTABAMBAS,COTABAMBAS,4102
APURIMAC,COTABAMBAS,COYLLURQUI,7080
APURIMAC,COTABAMBAS,HAQUIRA,10068
APURIMAC,COTABAMBAS,MARA,6278
APURIMAC,COTABAMBAS,CHALLHUAHUACHO,16168
APURIMAC,CHINCHEROS,CHINCHEROS,5616
APURIMAC,CHINCHEROS,ANCO HUALLO,10926
APURIMAC,CHINCHEROS,COCHARCAS,1812
APURIMAC,CHINCHEROS,HUACCANA,6971
APURIMAC,CHINCHEROS,OCOBAMBA,7200
APURIMAC,CHINCHEROS,ONGOY,2471
APURIMAC,CHINCHEROS,URANMARCA,2833
APURIMAC,CHINCHEROS,RANRACANCHA,4313
APURIMAC,CHINCHEROS,ROCCHACC,2849
APURIMAC,CHINCHEROS,EL PORVENIR,1812
APURIMAC,CHINCHEROS,LOS CHANKAS,1052
APURIMAC,GRAU,CHUQUIBAMBILLA,5328
APURIMAC,GRAU,CURPAHUASI,2018
APURIMAC,GRAU,MARISCAL GAMARRA,2833
APURIMAC,GRAU,HUAILLATI,1420
APURIMAC,GRAU,MAMARA,853
APURIMAC,GRAU,MICAELA BASTIDAS,943
APURIMAC,GRAU,PATAYPAMPA,805
APURIMAC,GRAU,PROGRESO,3215
APURIMAC,GRAU,SAN ANTONIO,266
APURIMAC,GRAU,SANTA ROSA,533
APURIMAC,GRAU,TURPAY,628
APURIMAC,GRAU,VILCABAMBA,1319
APURIMAC,GRAU,VIRUNDO,674
APURIMAC,GRAU,CURASCO,1252
AREQUIPA,AREQUIPA,AREQUIPA,60711
AREQUIPA,AREQUIPA,ALTO SELVA ALEGRE,90161
AREQUIPA,AREQUIPA,CAYMA,102189
AREQUIPA,AREQUIPA,CERRO COLORADO,210161
AREQUIPA,AREQUIPA,CHARACATO,14336
AREQUIPA,AREQUIPA,CHIGUATA,3235
AREQUIPA,AREQUIPA,JACOBO HUNTER,53745
AREQUIPA,AREQUIPA,LA JOYA,36616
AREQUIPA,AREQUIPA,MARIANO MELGAR,65557
AREQUIPA,AREQUIPA,MIRAFLORES,64560
AREQUIPA,AREQUIPA,MOLLEBAYA,5278
AREQUIPA,AREQUIPA,PAUCARPATA,139471
AREQUIPA,AREQUIPA,POCSI,500
AREQUIPA,AREQUIPA,POLOBAYA,974
AREQUIPA,AREQUIPA,QUEQUEÑA,5173
AREQUIPA,AREQUIPA,SABANDIA,4635
AREQUIPA,AREQUIPA,SACHACA,26226
AREQUIPA,AREQUIPA,SAN JUAN DE SIGUAS,709
AREQUIPA,AREQUIPA,SAN JUAN DE TARUCANI,1569
AREQUIPA,AREQUIPA,SANTA ISABEL DE SIGUAS,797
AREQUIPA,AREQUIPA,SANTA RITA DE SIHUAS,7003
AREQUIPA,AREQUIPA,SOCABAYA,80746
AREQUIPA,AREQUIPA,TIABAYA,17537
AREQUIPA,AREQUIPA,UCHUMAYO,15725
AREQUIPA,AREQUIPA,VITOR,4344
AREQUIPA,AREQUIPA,YANAHUARA,27783
AREQUIPA,AREQUIPA,YARABAMBA,1510
AREQUIPA,AREQUIPA,YURA,36886
AREQUIPA,AREQUIPA,JOSE LUIS BUSTAMANTE Y RIVERO,87469
AREQUIPA,CAMANA,CAMANA,14163
AREQUIPA,CAMANA,JOSE MARIA QUIMPER,4813
AREQUIPA,CAMANA,MARIANO NICOLAS VALCARCEL,7591
AREQUIPA,CAMANA,MARISCAL CACERES,6624
AREQUIPA,CAMANA,NICOLAS DE PIEROLA,7818
AREQUIPA,CAMANA,OCOÑA,4467
AREQUIPA,CAMANA,QUILCA,1075
AREQUIPA,CAMANA,SAMUEL PASTOR,16697
AREQUIPA,CARAVELI,CARAVELI,4386
AREQUIPA,CARAVELI,ACARI,5282
AREQUIPA,CARAVELI,ATICO,5906
AREQUIPA,CARAVELI,ATIQUIPA,556
AREQUIPA,CARAVELI,BELLA UNION,3396
AREQUIPA,CARAVELI,CAHUACHO,695
AREQUIPA,CARAVELI,CHALA,9514
AREQUIPA,CARAVELI,CHAPARRA,3839
AREQUIPA,CARAVELI,HUANUHUANU,3195
AREQUIPA,CARAVELI,JAQUI,1712
AREQUIPA,CARAVELI,LOMAS,1581
AREQUIPA,CARAVELI,QUICACHA,2006
AREQUIPA,CARAVELI,YAUCA,2111
AREQUIPA,CASTILLA,APLAO,9595
AREQUIPA,CASTILLA,ANDAGUA,1135
AREQUIPA,CASTILLA,AYO,270
AREQUIPA,CASTILLA,CHACHAS,1813
AREQUIPA,CASTILLA,CHILCAYMARCA,1031
AREQUIPA,CASTILLA,CHOCO,812
AREQUIPA,CASTILLA,HUANCARQUI,1679
AREQUIPA,CASTILLA,MACHAGUAY,564
AREQUIPA,CASTILLA,ORCOPAMPA,8906
AREQUIPA,CASTILLA,PAMPACOLCA,2269
AREQUIPA,CASTILLA,TIPAN,481
AREQUIPA,CASTILLA,UÑON,224
AREQUIPA,CASTILLA,URACA,7199
AREQUIPA,CASTILLA,VIRACO,1763
AREQUIPA,CAYLLOMA,CHIVAY,6371
AREQUIPA,CAYLLOMA,ACHOMA,937
AREQUIPA,CAYLLOMA,CABANACONDE,2446
AREQUIPA,CAYLLOMA,CALLALLI,1681
AREQUIPA,CAYLLOMA,CAYLLOMA,3952
AREQUIPA,CAYLLOMA,COPORAQUE,1259
AREQUIPA,CAYLLOMA,HUAMBO,751
AREQUIPA,CAYLLOMA,HUANCA,1184
AREQUIPA,CAYLLOMA,ICHUPAMPA,598
AREQUIPA,CAYLLOMA,LARI,995
AREQUIPA,CAYLLOMA,LLUTA,830
AREQUIPA,CAYLLOMA,MACA,776
AREQUIPA,CAYLLOMA,MADRIGAL,706
AREQUIPA,CAYLLOMA,SAN ANTONIO DE CHUCA,1005
AREQUIPA,CAYLLOMA,SIBAYO,730
AREQUIPA,CAYLLOMA,TAPAY,815
AREQUIPA,CAYLLOMA,TISCO,1681
AREQUIPA,CAYLLOMA,TUTI,681
AREQUIPA,CAYLLOMA,YANQUE,2368
AREQUIPA,CAYLLOMA,MAJES,66859
AREQUIPA,CONDESUYOS,CHUQUIBAMBA,3650
AREQUIPA,CONDESUYOS,ANDARAY,715
AREQUIPA,CONDESUYOS,CAYARANI,3553
AREQUIPA,CONDESUYOS,CHICHAS,743
AREQUIPA,CONDESUYOS,IRAY,654
AREQUIPA,CONDESUYOS,RIO GRANDE,3669
AREQUIPA,CONDESUYOS,SALAMANCA,527
AREQUIPA,CONDESUYOS,YANAQUIHUA,4415
AREQUIPA,ISLAY,MOLLENDO,27794
AREQUIPA,ISLAY,COCACHACRA,9186
AREQUIPA,ISLAY,DEAN VALDIVIA,7384
AREQUIPA,ISLAY,ISLAY,5385
AREQUIPA,ISLAY,MEJIA,1291
AREQUIPA,ISLAY,PUNTA DE BOMBON,6986
AREQUIPA,LA UNION,COTAHUASI,3197
AREQUIPA,LA UNION,ALCA,2057
AREQUIPA,LA UNION,CHARCANA,614
AREQUIPA,LA UNION,HUAYNACOTAS,2127
AREQUIPA,LA UNION,PAMPAMARCA,1224
AREQUIPA,LA UNION,PUYCA,2602
AREQUIPA,LA UNION,QUECHUALLA,291
AREQUIPA,LA UNION,SAYLA,341
AREQUIPA,LA UNION,TAURIA,320
AREQUIPA,LA UNION,TOMEPAMPA,736
AREQUIPA,LA UNION,TORO,578
AYACUCHO,HUAMANGA,AYACUCHO,106913
AYACUCHO,HUAMANGA,ACOCRO,8413
AYACUCHO,HUAMANGA,ACOS VINCHOS,4726
AYACUCHO,HUAMANGA,CARMEN ALTO,30856
AYACUCHO,HUAMANGA,CHIARA,6379
AYACUCHO,HUAMANGA,OCROS,5764
AYACUCHO,HUAMANGA,PACAYCASA,3401
AYACUCHO,HUAMANGA,QUINUA,5432
AYACUCHO,HUAMANGA,SAN JOSE DE TICLLAS,1483
AYACUCHO,HUAMANGA,SAN JUAN BAUTISTA,52475
AYACUCHO,HUAMANGA,SANTIAGO DE PISCHA,1478
AYACUCHO,HUAMANGA,SOCOS,6437
AYACUCHO,HUAMANGA,TAMBILLO,5723
AYACUCHO,HUAMANGA,VINCHOS,15300
AYACUCHO,HUAMANGA,JESUS NAZARENO,20336
AYACUCHO,HUAMANGA,ANDRES AVELINO CACERES D.,30546
AYACUCHO,CANGALLO,CANGALLO,5998
AYACUCHO,CANGALLO,CHUSCHI,9134
AYACUCHO,CANGALLO,LOS MOROCHUCOS,8323
AYACUCHO,CANGALLO,MARIA PARADO DE BELLIDO,2175
AYACUCHO,CANGALLO,PARAS,4437
AYACUCHO,CANGALLO,TOTOS,3156
AYACUCHO,HUANCA SANCOS,SANCOS,3257
AYACUCHO,HUANCA SANCOS,CARAPO,1881
AYACUCHO,HUANCA SANCOS,SACSAMARCA,1369
AYACUCHO,HUANCA SANCOS,SANTIAGO DE LUCANAMARCA,2204
AYACUCHO,HUANTA,HUANTA,43001
AYACUCHO,HUANTA,AYAHUANCO,1254
AYACUCHO,HUANTA,HUAMANGUILLA,4382
AYACUCHO,HUANTA,IGUAIN,2872
AYACUCHO,HUANTA,LURICOCHA,6088
AYACUCHO,HUANTA,SANTILLANA,4171
AYACUCHO,HUANTA,SIVIA,12488
AYACUCHO,HUANTA,LLOCHEGUA,11752
AYACUCHO,HUANTA,CANAYRE,4195
AYACUCHO,HUANTA,UCHURACCAY,3981
AYACUCHO,HUANTA,PUCACOLPA,2797
AYACUCHO,HUANTA,CHACA,2329
AYACUCHO,LA MAR,SAN MIGUEL,11344
AYACUCHO,LA MAR,ANCO,8778
AYACUCHO,LA MAR,AYNA,10414
AYACUCHO,LA MAR,CHILCAS,1731
AYACUCHO,LA MAR,CHUNGUI,4717
AYACUCHO,LA MAR,LUIS CARRANZA,1343
AYACUCHO,LA MAR,SANTA ROSA,12967
AYACUCHO,LA MAR,TAMBO,10909
AYACUCHO,LA MAR,SAMUGARI,10973
AYACUCHO,LA MAR,ANCHIHUAY,4740
AYACUCHO,LA MAR,ORONCCOY,1155
AYACUCHO,LUCANAS,PUQUIO,14819
AYACUCHO,LUCANAS,AUCARA,2814
AYACUCHO,LUCANAS,CABANA,2135
AYACUCHO,LUCANAS,CARMEN SALCEDO,1801
AYACUCHO,LUCANAS,CHAVIÑA,2341
AYACUCHO,LUCANAS,CHIPAO,2671
AYACUCHO,LUCANAS,HUAC-HUAS,1734
AYACUCHO,LUCANAS,LARAMATE,1705
AYACUCHO,LUCANAS,LEONCIO PRADO,1135
AYACUCHO,LUCANAS,LLAUTA,906
AYACUCHO,LUCANAS,LUCANAS,2944
AYACUCHO,LUCANAS,OCAÑA,2415
AYACUCHO,LUCANAS,OTOCA,2083
AYACUCHO,LUCANAS,SAISA,848
AYACUCHO,LUCANAS,SAN CRISTOBAL,1880
AYACUCHO,LUCANAS,SAN JUAN,1028
AYACUCHO,LUCANAS,SAN PEDRO,2793
AYACUCHO,LUCANAS,SAN PEDRO DE PALCO,971
AYACUCHO,LUCANAS,SANCOS,5229
AYACUCHO,LUCANAS,SANTA ANA DE HUAYCAHUACHO,762
AYACUCHO,LUCANAS,SANTA LUCIA,1401
AYACUCHO,PARINACOCHAS,CORACORA,14103
AYACUCHO,PARINACOCHAS,CHUMPI,2345
AYACUCHO,PARINACOCHAS,CORONEL CASTAÑEDA,1876
AYACUCHO,PARINACOCHAS,PACAPAUSA,638
AYACUCHO,PARINACOCHAS,PULLO,6918
AYACUCHO,PARINACOCHAS,PUYUSCA,2155
AYACUCHO,PARINACOCHAS,SAN FRANCISCO DE RAVACAYCO,517
AYACUCHO,PARINACOCHAS,UPAHUACHO,1222
AYACUCHO,PAUCAR DEL SARA SARA,PAUSA,3345
AYACUCHO,PAUCAR DEL SARA SARA,COLTA,477
AYACUCHO,PAUCAR DEL SARA SARA,CORCULLA,439
AYACUCHO,PAUCAR DEL SARA SARA,LAMPA,2082
AYACUCHO,PAUCAR DEL SARA SARA,MARCABAMBA,614
AYACUCHO,PAUCAR DEL SARA SARA,OYOLO,1590
AYACUCHO,PAUCAR DEL SARA SARA,PARARCA,410
AYACUCHO,PAUCAR DEL SARA SARA,SAN JAVIER DE ALPABAMBA,285
AYACUCHO,PAUCAR DEL SARA SARA,SAN JOSE DE USHUA,225
AYACUCHO,PAUCAR DEL SARA SARA,SARA SARA,493
AYACUCHO,SUCRE,QUEROBAMBA,2620
AYACUCHO,SUCRE,BELEN,327
AYACUCHO,SUCRE,CHALCOS,477
AYACUCHO,SUCRE,CHILCAYOC,488
AYACUCHO,SUCRE,HUACAÑA,363
AYACUCHO,SUCRE,MORCOLLA,1272
AYACUCHO,SUCRE,PAICO,539
AYACUCHO,SUCRE,SAN PEDRO DE LARCAY,821
AYACUCHO,SUCRE,SAN SALVADOR DE QUIJE,1043
AYACUCHO,SUCRE,SANTIAGO DE PAUCARAY,583
AYACUCHO,SUCRE,SORAS,1032
AYACUCHO,VICTOR FAJARDO,HUANCAPI,1966
AYACUCHO,VICTOR FAJARDO,ALCAMENCA,1529
AYACUCHO,VICTOR FAJARDO,APONGO,614
AYACUCHO,VICTOR FAJARDO,ASQUIPATA,428
AYACUCHO,VICTOR FAJARDO,CANARIA,4075
AYACUCHO,VICTOR FAJARDO,CAYARA,1117
AYACUCHO,VICTOR FAJARDO,COLCA,1011
AYACUCHO,VICTOR FAJARDO,HUAMANQUIQUIA,1133
AYACUCHO,VICTOR FAJARDO,HUANCARAYLLA,1292
AYACUCHO,VICTOR FAJARDO,HUALLA,2158
AYACUCHO,VICTOR FAJARDO,SARHUA,2701
AYACUCHO,VICTOR FAJARDO,VILCANCHOS,2499
AYACUCHO,VILCAS HUAMAN,VILCAS HUAMAN,6889
AYACUCHO,VILCAS HUAMAN,ACCOMARCA,873
AYACUCHO,VILCAS HUAMAN,CARHUANCA,828
AYACUCHO,VILCAS HUAMAN,CONCEPCION,1757
AYACUCHO,VILCAS HUAMAN,HUAMBALPA,1381
AYACUCHO,VILCAS HUAMAN,INDEPENDENCIA,1172
AYACUCHO,VILCAS HUAMAN,SAURAMA,1084
AYACUCHO,VILCAS HUAMAN,VISCHONGO,4015
CAJAMARCA,CAJAMARCA,CAJAMARCA,238521
CAJAMARCA,CAJAMARCA,ASUNCION,8477
CAJAMARCA,CAJAMARCA,CHETILLA,3942
CAJAMARCA,CAJAMARCA,COSPAN,7350
CAJAMARCA,CAJAMARCA,ENCAÑADA,20991
CAJAMARCA,CAJAMARCA,JESUS,16381
CAJAMARCA,CAJAMARCA,LLACANORA,6373
CAJAMARCA,CAJAMARCA,LOS BAÑOS DEL INCA,50237
CAJAMARCA,CAJAMARCA,MAGDALENA,8962
CAJAMARCA,CAJAMARCA,MATARA,3753
CAJAMARCA,CAJAMARCA,NAMORA,10320
CAJAMARCA,CAJAMARCA,SAN JUAN,4616
CAJAMARCA,CAJABAMBA,CAJABAMBA,33224
CAJAMARCA,CAJABAMBA,CACHACHI,25800
CAJAMARCA,CAJABAMBA,CONDEBAMBA,14991
CAJAMARCA,CAJABAMBA,SITACOCHA,8271
CAJAMARCA,CELENDIN,CELENDIN,28468
CAJAMARCA,CELENDIN,CHUMUCH,2798
CAJAMARCA,CELENDIN,CORTEGANA,7631
CAJAMARCA,CELENDIN,HUASMIN,11429
CAJAMARCA,CELENDIN,JORGE CHAVEZ,441
CAJAMARCA,CELENDIN,JOSE GALVEZ,2714
CAJAMARCA,CELENDIN,MIGUEL IGLESIAS,4167
CAJAMARCA,CELENDIN,OXAMARCA,6011
CAJAMARCA,CELENDIN,SOROCHUCO,7895
CAJAMARCA,CELENDIN,SUCRE,5565
CAJAMARCA,CELENDIN,UTCO,1103
CAJAMARCA,CELENDIN,LA LIBERTAD DE PALLAN,7126
CAJAMARCA,CHOTA,CHOTA,50519
CAJAMARCA,CHOTA,ANGUIA,3415
CAJAMARCA,CHOTA,CHADIN,3744
CAJAMARCA,CHOTA,CHIGUIRIP,3785
CAJAMARCA,CHOTA,CHIMBAN,2413
CAJAMARCA,CHOTA,CHOROPAMPA,2502
CAJAMARCA,CHOTA,COCHABAMBA,5948
CAJAMARCA,CHOTA,CONCHAN,6064
CAJAMARCA,CHOTA,HUAMBOS,8684
CAJAMARCA,CHOTA,LAJAS,11714
CAJAMARCA,CHOTA,LLAMA,7438
CAJAMARCA,CHOTA,MIRACOSTA,3374
CAJAMARCA,CHOTA,PACCHA,4750
CAJAMARCA,CHOTA,PION,1281
CAJAMARCA,CHOTA,QUEROCOTO,8881
CAJAMARCA,CHOTA,SAN JUAN DE LICUPIS,943
CAJAMARCA,CHOTA,TACABAMBA,17131
CAJAMARCA,CHOTA,TOCMOCHE,849
CAJAMARCA,CHOTA,CHALAMARCA,9882
CAJAMARCA,CONTUMAZA,CONTUMAZA,8168
CAJAMARCA,CONTUMAZA,CHILETE,2795
CAJAMARCA,CONTUMAZA,CUPISNIQUE,1397
CAJAMARCA,CONTUMAZA,GUZMANGO,2864
CAJAMARCA,CONTUMAZA,SAN BENITO,3574
CAJAMARCA,CONTUMAZA,SANTA CRUZ DE TOLED,1063
CAJAMARCA,CONTUMAZA,TANTARICA,2586
CAJAMARCA,CONTUMAZA,YONAN,6998
CAJAMARCA,CUTERVO,CUTERVO,52184
CAJAMARCA,CUTERVO,CALLAYUC,9923
CAJAMARCA,CUTERVO,CHOROS,3342
CAJAMARCA,CUTERVO,CUJILLO,2679
CAJAMARCA,CUTERVO,LA RAMADA,4157
CAJAMARCA,CUTERVO,PIMPINGOS,5328
CAJAMARCA,CUTERVO,QUEROCOTILLO,14067
CAJAMARCA,CUTERVO,SAN ANDRES DE CUTERVO,4472
CAJAMARCA,CUTERVO,SAN JUAN DE CUTERVO,1924
CAJAMARCA,CUTERVO,SAN LUIS DE LUCMA,3161
CAJAMARCA,CUTERVO,SANTA CRUZ,2801
CAJAMARCA,CUTERVO,SANTO DOMINGO DE LA CAPILLA,5150
CAJAMARCA,CUTERVO,SANTO TOMAS,7783
CAJAMARCA,CUTERVO,SOCOTA,9487
CAJAMARCA,CUTERVO,TORIBIO CASANOVA,1121
CAJAMARCA,HUALGAYOC,BAMBAMARCA,65979
CAJAMARCA,HUALGAYOC,CHUGUR,3032
CAJAMARCA,HUALGAYOC,HUALGAYOC,16596
CAJAMARCA,JAEN,JAEN,104036
CAJAMARCA,JAEN,BELLAVISTA,16287
CAJAMARCA,JAEN,CHONTALI,10488
CAJAMARCA,JAEN,COLASAY,10794
CAJAMARCA,JAEN,HUABAL,8927
CAJAMARCA,JAEN,LAS PIRIAS,4658
CAJAMARCA,JAEN,POMAHUACA,9298
CAJAMARCA,JAEN,PUCARA,6995
CAJAMARCA,JAEN,SALLIQUE,7706
CAJAMARCA,JAEN,SAN FELIPE,4940
CAJAMARCA,JAEN,SAN JOSE DEL ALTO,7953
CAJAMARCA,JAEN,SANTA ROSA,10786
CAJAMARCA,SAN IGNACIO,SAN IGNACIO,39238
CAJAMARCA,SAN IGNACIO,CHIRINOS,15732
CAJAMARCA,SAN IGNACIO,HUARANGO,19348
CAJAMARCA,SAN IGNACIO,LA COIPA,21183
CAJAMARCA,SAN IGNACIO,NAMBALLE,10282
CAJAMARCA,SAN IGNACIO,SAN JOSE DE LOURDES,19982
CAJAMARCA,SAN IGNACIO,TABACONAS,19970
CAJAMARCA,SAN MARCOS,PEDRO GALVEZ,21205
CAJAMARCA,SAN MARCOS,CHANCAY,3102
CAJAMARCA,SAN MARCOS,EDUARDO VILLANUEVA,2862
CAJAMARCA,SAN MARCOS,GREGORIO PITA,5435
CAJAMARCA,SAN MARCOS,ICHOCAN,1963
CAJAMARCA,SAN MARCOS,JOSE MANUEL QUIROZ,3722
CAJAMARCA,SAN MARCOS,JOSE SABOGAL,13441
CAJAMARCA,SAN MIGUEL,SAN MIGUEL,14191
CAJAMARCA,SAN MIGUEL,BOLIVAR,1299
CAJAMARCA,SAN MIGUEL,CALQUIS,4282
CAJAMARCA,SAN MIGUEL,CATILLUC,2937
CAJAMARCA,SAN MIGUEL,EL PRADO,1661
CAJAMARCA,SAN MIGUEL,LA FLORIDA,2137
CAJAMARCA,SAN MIGUEL,LLAPA,4691
CAJAMARCA,SAN MIGUEL,NANCHOC,1337
CAJAMARCA,SAN MIGUEL,NIEPOS,3381
CAJAMARCA,SAN MIGUEL,SAN GREGORIO,2278
CAJAMARCA,SAN MIGUEL,SAN SILVESTRE DE COCHAN,3845
CAJAMARCA,SAN MIGUEL,TONGOD,2820
CAJAMARCA,SAN MIGUEL,UNION AGUA BLANCA,3200
CAJAMARCA,SAN PABLO,SAN PABLO,13446
CAJAMARCA,SAN PABLO,SAN BERNARDINO,4611
CAJAMARCA,SAN PABLO,SAN LUIS,949
CAJAMARCA,SAN PABLO,TUMBADEN,3702
CAJAMARCA,SANTA CRUZ,SANTA CRUZ,9749
CAJAMARCA,SANTA CRUZ,ANDABAMBA,1338
CAJAMARCA,SANTA CRUZ,CATACHE,9893
CAJAMARCA,SANTA CRUZ,CHANCAYBAÑOS,3524
CAJAMARCA,SANTA CRUZ,LA ESPERANZA,2356
CAJAMARCA,SANTA CRUZ,NINABAMBA,2098
CAJAMARCA,SANTA CRUZ,PULAN,4010
CAJAMARCA,SANTA CRUZ,SAUCEPAMPA,1460
CAJAMARCA,SANTA CRUZ,SEXI,426
CAJAMARCA,SANTA CRUZ,UTICYACU,1276
CAJAMARCA,SANTA CRUZ,YAUYUCAN,2976
CALLAO,CALLAO,CALLAO,521346
CALLAO,CALLAO,BELLAVISTA,87471
CALLAO,CALLAO,CARMEN DE LA LEGUA-REYNOSO,48492
CALLAO,CALLAO,LA PERLA,70394
CALLAO,CALLAO,LA PUNTA,4590
CALLAO,CALLAO,VENTANILLA,347244
CALLAO,CALLAO,MI PERU,50317
CUSCO,CUSCO,CUSCO,128805
CUSCO,CUSCO,CCORCA,2461
CUSCO,CUSCO,POROY,2732
CUSCO,CUSCO,SAN JERONIMO,63604
CUSCO,CUSCO,SAN SEBASTIAN,124705
CUSCO,CUSCO,SANTIAGO,103764
CUSCO,CUSCO,SAYLLA,6214
CUSCO,CUSCO,WANCHAQ,63058
CUSCO,ACOMAYO,ACOMAYO,4888
CUSCO,ACOMAYO,ACOPIA,2987
CUSCO,ACOMAYO,ACOS,2429
CUSCO,ACOMAYO,MOSOC LLACTA,1214
CUSCO,ACOMAYO,POMACANCHI,7944
CUSCO,ACOMAYO,RONDOCAN,2120
CUSCO,ACOMAYO,SANGARARA,3544
CUSCO,ANTA,ANTA,24203
CUSCO,ANTA,ANCAHUASI,7772
CUSCO,ANTA,CACHIMAYO,2654
CUSCO,ANTA,CHINCHAYPUJIO,4514
CUSCO,ANTA,HUAROCONDO,4968
CUSCO,ANTA,LIMATAMBO,8194
CUSCO,ANTA,MOLLEPATA,3443
CUSCO,ANTA,PUCYURA,3349
CUSCO,ANTA,ZURITE,3840
CUSCO,CALCA,CALCA,23305
CUSCO,CALCA,COYA,3763
CUSCO,CALCA,LAMAY,6003
CUSCO,CALCA,LARES,6727
CUSCO,CALCA,PISAC,11494
CUSCO,CALCA,SAN SALVADOR,6135
CUSCO,CALCA,TARAY,4911
CUSCO,CALCA,YANATILE,10056
CUSCO,CANAS,YANAOCA,9558
CUSCO,CANAS,CHECCA,5711
CUSCO,CANAS,KUNTURKANKI,5345
CUSCO,CANAS,LANGUI,2223
CUSCO,CANAS,LAYO,5810
CUSCO,CANAS,PAMPAMARCA,1938
CUSCO,CANAS,QUEHUE,2827
CUSCO,CANAS,TUPAC AMARU,2737
CUSCO,CANCHIS,SICUANI,64605
CUSCO,CANCHIS,CHECACUPE,5279
CUSCO,CANCHIS,COMBAPATA,5182
CUSCO,CANCHIS,MARANGANI,10751
CUSCO,CANCHIS,PITUMARCA,8363
CUSCO,CANCHIS,SAN PABLO,4632
CUSCO,CANCHIS,SAN PEDRO,2872
CUSCO,CANCHIS,TINTA,5607
CUSCO,CHUMBIVILCAS,SANTO TOMAS,23837
CUSCO,CHUMBIVILCAS,CAPACMARCA,4307
CUSCO,CHUMBIVILCAS,CHAMACA,6918
CUSCO,CHUMBIVILCAS,COLQUEMARCA,7570
CUSCO,CHUMBIVILCAS,LIVITACA,12931
CUSCO,CHUMBIVILCAS,LLUSCO,4781
CUSCO,CHUMBIVILCAS,QUIÑOTA,4185
CUSCO,CHUMBIVILCAS,VELILLE,8642
CUSCO,ESPINAR,ESPINAR,38885
CUSCO,ESPINAR,CONDOROMA,949
CUSCO,ESPINAR,COPORAQUE,11121
CUSCO,ESPINAR,OCORURO,1121
CUSCO,ESPINAR,PALLPATA,5306
CUSCO,ESPINAR,PICHIGUA,3060
CUSCO,ESPINAR,SUYCKUTAMBO,1790
CUSCO,ESPINAR,ALTO PICHIGUA,2126
CUSCO,LA CONVENCION,SANTA ANA,31667
CUSCO,LA CONVENCION,ECHARATE,28022
CUSCO,LA CONVENCION,HUAYOPATA,5670
CUSCO,LA CONVENCION,MARANURA,4831
CUSCO,LA CONVENCION,OCOBAMBA,5071
CUSCO,LA CONVENCION,QUELLOUNO,15688
CUSCO,LA CONVENCION,KIMBIRI,19531
CUSCO,LA CONVENCION,SANTA TERESA,7186
CUSCO,LA CONVENCION,VILCABAMBA,11227
CUSCO,LA CONVENCION,PICHARI,26618
CUSCO,LA CONVENCION,INKAWASI,5060
CUSCO,LA CONVENCION,VILLA VIRGEN,2412
CUSCO,LA CONVENCION,VILLA KINTIARINA,2413
CUSCO,LA CONVENCION,MEGANTONI,8086
CUSCO,PARURO,PARURO,3562
CUSCO,PARURO,ACCHA,3308
CUSCO,PARURO,CCAPI,3318
CUSCO,PARURO,COLCHA,985
CUSCO,PARURO,HUANOQUITE,5312
CUSCO,PARURO,OMACHA,6142
CUSCO,PARURO,PACCARITAMBO,2173
CUSCO,PARURO,PILLPINTO,1052
CUSCO,PARURO,YAURISQUE,2099
CUSCO,PAUCARTAMBO,PAUCARTAMBO,13642
CUSCO,PAUCARTAMBO,CAICAY,3017
CUSCO,PAUCARTAMBO,CHALLABAMBA,9836
CUSCO,PAUCARTAMBO,COLQUEPATA,9351
CUSCO,PAUCARTAMBO,HUANCARANI,7925
CUSCO,PAUCARTAMBO,KOSÑIPATA,5066
CUSCO,QUISPICANCHI,URCOS,12098
CUSCO,QUISPICANCHI,ANDAHUAYLILLAS,6710
CUSCO,QUISPICANCHI,CAMANTI,2582
CUSCO,QUISPICANCHI,CCARHUAYO,3207
CUSCO,QUISPICANCHI,CCATCA,15483
CUSCO,QUISPICANCHI,CUSIPATA,4821
CUSCO,QUISPICANCHI,HUARO,4987
CUSCO,QUISPICANCHI,LUCRE,5063
CUSCO,QUISPICANCHI,MARCAPATA,5009
CUSCO,QUISPICANCHI,OCONGATE,18106
CUSCO,QUISPICANCHI,OROPESA,10668
CUSCO,QUISPICANCHI,QUIQUIJANA,11924
CUSCO,URUBAMBA,URUBAMBA,23176
CUSCO,URUBAMBA,CHINCHERO,12035
CUSCO,URUBAMBA,HUAYLLABAMBA,6192
CUSCO,URUBAMBA,MACHUPICCHU,5915
CUSCO,URUBAMBA,MARAS,6818
CUSCO,URUBAMBA,OLLANTAYTAMBO,11789
CUSCO,URUBAMBA,YUCAY,3453
HUANCAVELICA,HUANCAVELICA,HUANCAVELICA,41737
HUANCAVELICA,HUANCAVELICA,ACOBAMBILLA,2046
HUANCAVELICA,HUANCAVELICA,ACORIA,18611
HUANCAVELICA,HUANCAVELICA,CONAYCA,773
HUANCAVELICA,HUANCAVELICA,CUENCA,1099
HUANCAVELICA,HUANCAVELICA,HUACHOCOLPA,2007
HUANCAVELICA,HUANCAVELICA,HUAYLLAHUARA,593
HUANCAVELICA,HUANCAVELICA,IZCUCHACA,855
HUANCAVELICA,HUANCAVELICA,LARIA,688
HUANCAVELICA,HUANCAVELICA,MANTA,964
HUANCAVELICA,HUANCAVELICA,MARISCAL CACERES,508
HUANCAVELICA,HUANCAVELICA,MOYA,923
HUANCAVELICA,HUANCAVELICA,NUEVO OCCORO,1730
HUANCAVELICA,HUANCAVELICA,PALCA,1910
HUANCAVELICA,HUANCAVELICA,PILCHACA,467
HUANCAVELICA,HUANCAVELICA,VILCA,1890
HUANCAVELICA,HUANCAVELICA,YAULI,21579
HUANCAVELICA,HUANCAVELICA,ASCENSION,16331
HUANCAVELICA,HUANCAVELICA,HUANDO,6445
HUANCAVELICA,ACOBAMBA,ACOBAMBA,9359
HUANCAVELICA,ACOBAMBA,ANDABAMBA,3389
HUANCAVELICA,ACOBAMBA,ANTA,4930
HUANCAVELICA,ACOBAMBA,CAJA,1846
HUANCAVELICA,ACOBAMBA,MARCAS,1521
HUANCAVELICA,ACOBAMBA,PAUCARA,11163
HUANCAVELICA,ACOBAMBA,POMACOCHA,2907
HUANCAVELICA,ACOBAMBA,ROSARIO,5108
HUANCAVELICA,ANGARAES,LIRCAY,25115
HUANCAVELICA,ANGARAES,ANCHONGA,7687
HUANCAVELICA,ANGARAES,CALLANMARCA,599
HUANCAVELICA,ANGARAES,CCOCHACCASA,3251
HUANCAVELICA,ANGARAES,CHINCHO,919
HUANCAVELICA,ANGARAES,CONGALLA,3648
HUANCAVELICA,ANGARAES,HUANCA-HUANCA,1393
HUANCAVELICA,ANGARAES,HUALLAY-GRANDE,1090
HUANCAVELICA,ANGARAES,JULCAMARCA,1734
HUANCAVELICA,ANGARAES,SAN ANTONIO DE ANTAPARCO,2462
HUANCAVELICA,ANGARAES,SANTO TOMAS DE PATA,1471
HUANCAVELICA,ANGARAES,SECCLLA,3166
HUANCAVELICA,CASTROVIRREYNA,CASTROVIRREYNA,3125
HUANCAVELICA,CASTROVIRREYNA,ARMA,909
HUANCAVELICA,CASTROVIRREYNA,AURAHUA,1550
HUANCAVELICA,CASTROVIRREYNA,CAPILLAS,902
HUANCAVELICA,CASTROVIRREYNA,CHUPAMARCA,905
HUANCAVELICA,CASTROVIRREYNA,COCAS,712
HUANCAVELICA,CASTROVIRREYNA,HUACHOS,897
HUANCAVELICA,CASTROVIRREYNA,HUAMATAMBO,371
HUANCAVELICA,CASTROVIRREYNA,MOLLEPAMPA,1158
HUANCAVELICA,CASTROVIRREYNA,SAN JUAN,640
HUANCAVELICA,CASTROVIRREYNA,SANTA ANA,921
HUANCAVELICA,CASTROVIRREYNA,TANTARA,629
HUANCAVELICA,CASTROVIRREYNA,TICRAPO,1478
HUANCAVELICA,CHURCAMPA,CHURCAMPA,5304
HUANCAVELICA,CHURCAMPA,ANCO,5873
HUANCAVELICA,CHURCAMPA,CHINCHIHUASI,2034
HUANCAVELICA,CHURCAMPA,EL CARMEN,2506
HUANCAVELICA,CHURCAMPA,LA MERCED,1060
HUANCAVELICA,CHURCAMPA,LOCROJA,3437
HUANCAVELICA,CHURCAMPA,PAUCARBAMBA,4621
HUANCAVELICA,CHURCAMPA,SAN MIGUEL DE MAYOCC,735
HUANCAVELICA,CHURCAMPA,SAN PEDRO DE CORIS,3507
HUANCAVELICA,CHURCAMPA,PACHAMARCA,1940
HUANCAVELICA,CHURCAMPA,COSME,3170
HUANCAVELICA,HUAYTARA,HUAYTARA,2236
HUANCAVELICA,HUAYTARA,AYAVI,745
HUANCAVELICA,HUAYTARA,CORDOVA,930
HUANCAVELICA,HUAYTARA,HUAYACUNDO ARMA,409
HUANCAVELICA,HUAYTARA,LARAMARCA,802
HUANCAVELICA,HUAYTARA,OCOYO,844
HUANCAVELICA,HUAYTARA,PILPICHACA,2969
HUANCAVELICA,HUAYTARA,QUERCO,999
HUANCAVELICA,HUAYTARA,QUITO ARMA,661
HUANCAVELICA,HUAYTARA,SAN ANTONIO DE CUSICANCHA,1401
HUANCAVELICA,HUAYTARA,SAN FRANCISCO DE SANGAYAICO,894
HUANCAVELICA,HUAYTARA,SAN ISIDRO,1036
HUANCAVELICA,HUAYTARA,SANTIAGO DE CHOCORVOS,1622
HUANCAVELICA,HUAYTARA,SANTIAGO DE QUIRAHUARA,345
HUANCAVELICA,HUAYTARA,SANTO DOMINGO DE CAPILLAS,730
HUANCAVELICA,HUAYTARA,TAMBO,651
HUANCAVELICA,TAYACAJA,PAMPAS,10557
HUANCAVELICA,TAYACAJA,ACOSTAMBO,3360
HUANCAVELICA,TAYACAJA,ACRAQUIA,3663
HUANCAVELICA,TAYACAJA,AHUAYCHA,4062
HUANCAVELICA,TAYACAJA,COLCABAMBA,11806
HUANCAVELICA,TAYACAJA,DANIEL HERNANDEZ,9752
HUANCAVELICA,TAYACAJA,HUACHOCOLPA,3346
HUANCAVELICA,TAYACAJA,HUARIBAMBA,3043
HUANCAVELICA,TAYACAJA,ÑAHUIMPUQUIO,1495
HUANCAVELICA,TAYACAJA,PAZOS,5350
HUANCAVELICA,TAYACAJA,QUISHUAR,713
HUANCAVELICA,TAYACAJA,SALCABAMBA,3967
HUANCAVELICA,TAYACAJA,SALCAHUASI,2675
HUANCAVELICA,TAYACAJA,SAN MARCOS DE ROCCHAC,1855
HUANCAVELICA,TAYACAJA,SURCUBAMBA,4849
HUANCAVELICA,TAYACAJA,TINTAY PUNCU,3249
HUANCAVELICA,TAYACAJA,QUICHUAS,4260
HUANCAVELICA,TAYACAJA,ANDAYMARCA,2554
HUANCAVELICA,TAYACAJA,ROBLE,1440
HUANCAVELICA,TAYACAJA,PICHOS,2078
HUANCAVELICA,TAYACAJA,SANTIAGO DE TUCUMA,1671
HUANUCO,HUANUCO,HUANUCO,92909
HUANUCO,HUANUCO,AMARILIS,85724
HUANUCO,HUANUCO,CHINCHAO,13363
HUANUCO,HUANUCO,CHURUBAMBA,17293
HUANUCO,HUANUCO,MARGOS,4573
HUANUCO,HUANUCO,QUISQUI,3681
HUANUCO,HUANUCO,SAN FRANCISCO DE CAYRAN,4876
HUANUCO,HUANUCO,SAN PEDRO DE CHAULAN,2796
HUANUCO,HUANUCO,SANTA MARIA DEL VALLE,21363
HUANUCO,HUANUCO,YARUMAYO,1562
HUANUCO,HUANUCO,PILLCO MARCA,45439
HUANUCO,HUANUCO,YACUS,5326
HUANUCO,HUANUCO,SAN PABLO DE PILLAO,8627
HUANUCO,AMBO,AMBO,21918
HUANUCO,AMBO,CAYNA,2597
HUANUCO,AMBO,COLPAS,1766
HUANUCO,AMBO,CONCHAMARCA,4677
HUANUCO,AMBO,HUACAR,7884
HUANUCO,AMBO,SAN FRANCISCO,1596
HUANUCO,AMBO,SAN RAFAEL,9352
HUANUCO,AMBO,TOMAY-KICHWA,3521
HUANUCO,DOS DE MAYO,LA UNION,6989
HUANUCO,DOS DE MAYO,CHUQUIS,3436
HUANUCO,DOS DE MAYO,MARIAS,6042
HUANUCO,DOS DE MAYO,PACHAS,5675
HUANUCO,DOS DE MAYO,QUIVILLA,1227
HUANUCO,DOS DE MAYO,RIPAN,5568
HUANUCO,DOS DE MAYO,SHUNQUI,1707
HUANUCO,DOS DE MAYO,SILLAPATA,1807
HUANUCO,DOS DE MAYO,YANAS,2320
HUANUCO,HUACAYBAMBA,HUACAYBAMBA,5946
HUANUCO,HUACAYBAMBA,CANCHABAMBA,2762
HUANUCO,HUACAYBAMBA,COCHABAMBA,1643
HUANUCO,HUACAYBAMBA,PINRA,6672
HUANUCO,HUAMALIES,LLATA,13830
HUANUCO,HUAMALIES,ARANCAY,1364
HUANUCO,HUAMALIES,CHAVIN DE PARIARCA,3919
HUANUCO,HUAMALIES,JACAS GRANDE,5984
HUANUCO,HUAMALIES,JIRCAN,1470
HUANUCO,HUAMALIES,MIRAFLORES,3200
HUANUCO,HUAMALIES,MONZON,13289
HUANUCO,HUAMALIES,PUNCHAO,2009
HUANUCO,HUAMALIES,PUÑOS,4251
HUANUCO,HUAMALIES,SINGA,3161
HUANUCO,HUAMALIES,TANTAMAYO,1842
HUANUCO,LEONCIO PRADO,RUPA-RUPA,55645
HUANUCO,LEONCIO PRADO,DANIEL ALOMIA ROBLES,6894
HUANUCO,LEONCIO PRADO,HERMILIO VALDIZAN,3744
HUANUCO,LEONCIO PRADO,JOSE CRESPO Y CASTILLO,23329
HUANUCO,LEONCIO PRADO,LUYANDO,9365
HUANUCO,LEONCIO PRADO,MARIANO DAMASO BERAUN,10863
HUANUCO,LEONCIO PRADO,PUCAYACU,3942
HUANUCO,LEONCIO PRADO,CASTILLO GRANDE,13687
HUANUCO,LEONCIO PRADO,PUEBLO NUEVO,4483
HUANUCO,LEONCIO PRADO,SANTO DOMINGO DE ANDA,2753
HUANUCO,MARAÑON,HUACRACHUCO,15267
HUANUCO,MARAÑON,CHOLON,5929
HUANUCO,MARAÑON,SAN BUENAVENTURA,2193
HUANUCO,MARAÑON,LA MORADA,3012
HUANUCO,MARAÑON,SANTA ROSA DE ALTO YANAJANCA,2426
HUANUCO,PACHITEA,PANAO,18834
HUANUCO,PACHITEA,CHAGLLA,11008
HUANUCO,PACHITEA,MOLINO,11314
HUANUCO,PACHITEA,UMARI,11958
HUANUCO,PUERTO INCA,PUERTO INCA,10414
HUANUCO,PUERTO INCA,CODO DEL POZUZO,7929
HUANUCO,PUERTO INCA,HONORIA,4990
HUANUCO,PUERTO INCA,TOURNAVISTA,6316
HUANUCO,PUERTO INCA,YUYAPICHIS,6729
HUANUCO,LAURICOCHA,JESUS,4304
HUANUCO,LAURICOCHA,BAÑOS,2041
HUANUCO,LAURICOCHA,JIVIA,1012
HUANUCO,LAURICOCHA,QUEROPALCA,1019
HUANUCO,LAURICOCHA,RONDOS,3716
HUANUCO,LAURICOCHA,SAN FRANCISCO DE ASIS,1301
HUANUCO,LAURICOCHA,SAN MIGUEL DE CAURI,6353
HUANUCO,YAROWILCA,CHAVINILLO,4921
HUANUCO,YAROWILCA,CAHUAC,1172
HUANUCO,YAROWILCA,CHACABAMBA,1123
HUANUCO,YAROWILCA,APARICIO POMARES,4974
HUANUCO,YAROWILCA,JACAS CHICO,1109
HUANUCO,YAROWILCA,OBAS,4017
HUANUCO,YAROWILCA,PAMPAMARCA,1151
HUANUCO,YAROWILCA,CHORAS,2074
ICA,ICA,ICA,169684
ICA,ICA,LA TINGUIÑA,45359
ICA,ICA,LOS AQUIJES,24965
ICA,ICA,OCUCAJE,5133
ICA,ICA,PACHACUTEC,8254
ICA,ICA,PARCONA,62000
ICA,ICA,PUEBLO NUEVO,7250
ICA,ICA,SALAS,29105
ICA,ICA,SAN JOSE DE LOS MOLINOS,8075
ICA,ICA,SAN JUAN BAUTISTA,15870
ICA,ICA,SANTIAGO,31224
ICA,ICA,SUBTANJALLA,31183
ICA,ICA,TATE,5264
ICA,ICA,YAUCA DEL ROSARIO,1322
ICA,CHINCHA,CHINCHA ALTA,78261
ICA,CHINCHA,ALTO LARAN,8810
ICA,CHINCHA,CHAVIN,2232
ICA,CHINCHA,CHINCHA BAJA,15065
ICA,CHINCHA,EL CARMEN,14381
ICA,CHINCHA,GROCIO PRADO,28948
ICA,CHINCHA,PUEBLO NUEVO,73095
ICA,CHINCHA,SAN JUAN DE YANAC,1391
ICA,CHINCHA,SAN PEDRO DE HUACARPANA,1103
ICA,CHINCHA,SUNAMPE,33092
ICA,CHINCHA,TAMBO DE MORA,6557
ICA,NAZCA,NAZCA,31037
ICA,NAZCA,CHANGUILLO,2278
ICA,NAZCA,EL INGENIO,3678
ICA,NAZCA,MARCONA,17914
ICA,NAZCA,VISTA ALEGRE,23538
ICA,PALPA,PALPA,8985
ICA,PALPA,LLIPATA,1795
ICA,PALPA,RIO GRANDE,3103
ICA,PALPA,SANTA CRUZ,1118
ICA,PALPA,TIBILLO,382
ICA,PISCO,PISCO,78189
ICA,PISCO,HUANCANO,1607
ICA,PISCO,HUMAY,6156
ICA,PISCO,INDEPENDENCIA,15042
ICA,PISCO,PARACAS,8177
ICA,PISCO,SAN ANDRES,16435
ICA,PISCO,SAN CLEMENTE,28381
ICA,PISCO,TUPAC AMARU INCA,19744
JUNIN,HUANCAYO,HUANCAYO,125525
JUNIN,HUANCAYO,CARHUACALLANGA,523
JUNIN,HUANCAYO,CHACAPAMPA,989
JUNIN,HUANCAYO,CHICCHE,770
JUNIN,HUANCAYO,CHILCA,98055
JUNIN,HUANCAYO,CHONGOS ALTO,1573
JUNIN,HUANCAYO,CHUPURO,2140
JUNIN,HUANCAYO,COLCA,1082
JUNIN,HUANCAYO,CULLHUAS,1454
JUNIN,HUANCAYO,EL TAMBO,174637
JUNIN,HUANCAYO,HUACRAPUQUIO,1429
JUNIN,HUANCAYO,HUALHUAS,5657
JUNIN,HUANCAYO,HUANCAN,26850
JUNIN,HUANCAYO,HUASICANCHA,865
JUNIN,HUANCAYO,HUAYUCACHI,10580
JUNIN,HUANCAYO,INGENIO,2552
JUNIN,HUANCAYO,PARIAHUANCA,5710
JUNIN,HUANCAYO,PILCOMAYO,21921
JUNIN,HUANCAYO,PUCARA,5165
JUNIN,HUANCAYO,QUICHUAY,1981
JUNIN,HUANCAYO,QUILCAS,4138
JUNIN,HUANCAYO,SAN AGUSTIN,17037
JUNIN,HUANCAYO,SAN JERONIMO DE TUNAN,12613
JUNIN,HUANCAYO,SAÑO,5925
JUNIN,HUANCAYO,SAPALLANGA,22880
JUNIN,HUANCAYO,SICAYA,18371
JUNIN,HUANCAYO,SANTO DOMINGO DE ACOBAMBA,6919
JUNIN,HUANCAYO,VIQUES,2819
JUNIN,CONCEPCION,CONCEPCION,16695
JUNIN,CONCEPCION,ACO,1725
JUNIN,CONCEPCION,ANDAMARCA,3838
JUNIN,CONCEPCION,CHAMBARA,2819
JUNIN,CONCEPCION,COCHAS,2073
JUNIN,CONCEPCION,COMAS,5968
JUNIN,CONCEPCION,HEROINAS TOLEDO,1042
JUNIN,CONCEPCION,MANZANARES,1554
JUNIN,CONCEPCION,MARISCAL CASTILLA,1509
JUNIN,CONCEPCION,MATAHUASI,6237
JUNIN,CONCEPCION,MITO,1494
JUNIN,CONCEPCION,NUEVE DE JULIO,2429
JUNIN,CONCEPCION,ORCOTUNA,5102
JUNIN,CONCEPCION,SAN JOSE DE QUERO,5997
JUNIN,CONCEPCION,SANTA ROSA DE OCOPA,2157
JUNIN,CHANCHAMAYO,CHANCHAMAYO,29354
JUNIN,CHANCHAMAYO,PERENE,61051
JUNIN,CHANCHAMAYO,PICHANAQUI,45687
JUNIN,CHANCHAMAYO,SAN LUIS DE SHUARO,4552
JUNIN,CHANCHAMAYO,SAN RAMON,29494
JUNIN,CHANCHAMAYO,VITOC,1910
JUNIN,JAUJA,JAUJA,19733
JUNIN,JAUJA,ACOLLA,6677
JUNIN,JAUJA,APATA,4772
JUNIN,JAUJA,ATAURA,1383
JUNIN,JAUJA,CANCHAYLLO,1757
JUNIN,JAUJA,CURICACA,1543
JUNIN,JAUJA,EL MANTARO,2780
JUNIN,JAUJA,HUAMALI,1746
JUNIN,JAUJA,HUARIPAMPA,1096
JUNIN,JAUJA,HUERTAS,2206
JUNIN,JAUJA,JANJAILLO,581
JUNIN,JAUJA,JULCAN,769
JUNIN,JAUJA,LEONOR ORDOÑEZ,1637
JUNIN,JAUJA,LLOCLLAPAMPA,1221
JUNIN,JAUJA,MARCO,1594
JUNIN,JAUJA,MASMA,1898
JUNIN,JAUJA,MASMA CHICCHE,769
JUNIN,JAUJA,MOLINOS,1684
JUNIN,JAUJA,MONOBAMBA,1828
JUNIN,JAUJA,MUQUI,1055
JUNIN,JAUJA,MUQUIYAUYO,2427
JUNIN,JAUJA,PACA,933
JUNIN,JAUJA,PACCHA,1560
JUNIN,JAUJA,PANCAN,1298
JUNIN,JAUJA,PARCO,1219
JUNIN,JAUJA,POMACANCHA,1545
JUNIN,JAUJA,RICRAN,1362
JUNIN,JAUJA,SAN LORENZO,2753
JUNIN,JAUJA,SAN PEDRO DE CHUNAN,719
JUNIN,JAUJA,SAUSA,3319
JUNIN,JAUJA,SINCOS,4382
JUNIN,JAUJA,TUNAN MARCA,1078
JUNIN,JAUJA,YAULI,1154
JUNIN,JAUJA,YAUYOS,10177
JUNIN,JUNIN,JUNIN,11770
JUNIN,JUNIN,CARHUAMAYO,7085
JUNIN,JUNIN,ONDORES,1288
JUNIN,JUNIN,ULCUMAYO,4560
JUNIN,SATIPO,SATIPO,42549
JUNIN,SATIPO,COVIRIALI,6474
JUNIN,SATIPO,LLAYLLA,7175
JUNIN,SATIPO,MAZAMARI,41747
JUNIN,SATIPO,PAMPA HERMOSA,4233
JUNIN,SATIPO,PANGOA,63264
JUNIN,SATIPO,RIO NEGRO,33656
JUNIN,SATIPO,RIO TAMBO,30309
JUNIN,SATIPO,VIZCATAN DEL ENE,4970
JUNIN,TARMA,TARMA,52153
JUNIN,TARMA,ACOBAMBA,10385
JUNIN,TARMA,HUARICOLCA,2059
JUNIN,TARMA,HUASAHUASI,11065
JUNIN,TARMA,LA UNION,3792
JUNIN,TARMA,PALCA,6166
JUNIN,TARMA,PALCAMAYO,3763
JUNIN,TARMA,SAN PEDRO DE CAJAS,3823
JUNIN,TARMA,TAPO,4868
JUNIN,YAULI,LA OROYA,14988
JUNIN,YAULI,CHACAPALPA,711
JUNIN,YAULI,HUAY HUAY,2146
JUNIN,YAULI,MARCAPOMACOCHA,874
JUNIN,YAULI,MOROCOCHA,5529
JUNIN,YAULI,PACCHA,1724
JUNIN,YAULI,SANTA BARBARA DE CARHUACAYAN,1170
JUNIN,YAULI,SANTA ROSA DE SACCO,9374
JUNIN,YAULI,SUITUCANCHA,755
JUNIN,YAULI,YAULI,5823
JUNIN,CHUPACA,CHUPACA,22101
JUNIN,CHUPACA,AHUAC,6894
JUNIN,CHUPACA,CHONGOS BAJO,4819
JUNIN,CHUPACA,HUACHAC,3257
JUNIN,CHUPACA,HUAMANCACA CHICO,9686
JUNIN,CHUPACA,SAN JUAN DE ISCOS,2378
JUNIN,CHUPACA,SAN JUAN DE JARPA,2872
JUNIN,CHUPACA,TRES DE DICIEMBRE,2908
JUNIN,CHUPACA,YANACANCHA,2802
LA LIBERTAD,TRUJILLO,TRUJILLO,354838
LA LIBERTAD,TRUJILLO,EL PORVENIR,216331
LA LIBERTAD,TRUJILLO,FLORENCIA DE MORA,40783
LA LIBERTAD,TRUJILLO,HUANCHACO,79889
LA LIBERTAD,TRUJILLO,LA ESPERANZA,217344
LA LIBERTAD,TRUJILLO,LAREDO,42964
LA LIBERTAD,TRUJILLO,MOCHE,41777
LA LIBERTAD,TRUJILLO,POROTO,4056
LA LIBERTAD,TRUJILLO,SALAVERRY,21464
LA LIBERTAD,TRUJILLO,SIMBAL,4659
LA LIBERTAD,TRUJILLO,VICTOR LARCO HERRERA,77323
LA LIBERTAD,ASCOPE,ASCOPE,7308
LA LIBERTAD,ASCOPE,CHICAMA,16686
LA LIBERTAD,ASCOPE,CHOCOPE,10440
LA LIBERTAD,ASCOPE,MAGDALENA DE CAO,2883
LA LIBERTAD,ASCOPE,PAIJAN,28985
LA LIBERTAD,ASCOPE,RAZURI,9639
LA LIBERTAD,ASCOPE,SANTIAGO DE CAO,21152
LA LIBERTAD,ASCOPE,CASA GRANDE,31657
LA LIBERTAD,BOLIVAR,BOLIVAR,5158
LA LIBERTAD,BOLIVAR,BAMBAMARCA,3309
LA LIBERTAD,BOLIVAR,CONDORMARCA,2236
LA LIBERTAD,BOLIVAR,LONGOTEA,2453
LA LIBERTAD,BOLIVAR,UCHUMARCA,2597
LA LIBERTAD,BOLIVAR,UCUNCHA,934
LA LIBERTAD,CHEPEN,CHEPEN,50909
LA LIBERTAD,CHEPEN,PACANGA,24294
LA LIBERTAD,CHEPEN,PUEBLO NUEVO,13367
LA LIBERTAD,JULCAN,JULCAN,13382
LA LIBERTAD,JULCAN,CALAMARCA,5538
LA LIBERTAD,JULCAN,CARABAMBA,7199
LA LIBERTAD,JULCAN,HUASO,6485
LA LIBERTAD,OTUZCO,OTUZCO,27825
LA LIBERTAD,OTUZCO,AGALLPAMPA,10648
LA LIBERTAD,OTUZCO,CHARAT,2836
LA LIBERTAD,OTUZCO,HUARANCHAL,4540
LA LIBERTAD,OTUZCO,LA CUESTA,681
LA LIBERTAD,OTUZCO,MACHE,3079
LA LIBERTAD,OTUZCO,PARANDAY,571
LA LIBERTAD,OTUZCO,SALPO,6853
LA LIBERTAD,OTUZCO,SINSICAP,8011
LA LIBERTAD,OTUZCO,USQUIL,24680
LA LIBERTAD,PACASMAYO,SAN PEDRO DE LLOC,19713
LA LIBERTAD,PACASMAYO,GUADALUPE,44796
LA LIBERTAD,PACASMAYO,JEQUETEPEQUE,4557
LA LIBERTAD,PACASMAYO,PACASMAYO,32465
LA LIBERTAD,PACASMAYO,SAN JOSE,13104
LA LIBERTAD,PATAZ,TAYABAMBA,14344
LA LIBERTAD,PATAZ,BULDIBUYO,4321
LA LIBERTAD,PATAZ,CHILLIA,13175
LA LIBERTAD,PATAZ,HUANCASPATA,6701
LA LIBERTAD,PATAZ,HUAYLILLAS,1295
LA LIBERTAD,PATAZ,HUAYO,3970
LA LIBERTAD,PATAZ,ONGON,1477
LA LIBERTAD,PATAZ,PARCOY,21276
LA LIBERTAD,PATAZ,PATAZ,10441
LA LIBERTAD,PATAZ,PIAS,1889
LA LIBERTAD,PATAZ,SANTIAGO DE CHALLAS,2491
LA LIBERTAD,PATAZ,TAURIJA,3133
LA LIBERTAD,PATAZ,URPAY,2321
LA LIBERTAD,SANCHEZ CARRION,HUAMACHUCO,76108
LA LIBERTAD,SANCHEZ CARRION,CHUGAY,19521
LA LIBERTAD,SANCHEZ CARRION,COCHORCO,10057
LA LIBERTAD,SANCHEZ CARRION,CURGOS,8964
LA LIBERTAD,SANCHEZ CARRION,MARCABAL,12452
LA LIBERTAD,SANCHEZ CARRION,SANAGORAN,14873
LA LIBERTAD,SANCHEZ CARRION,SARIN,10025
LA LIBERTAD,SANCHEZ CARRION,SARTIMBAMBA,14399
LA LIBERTAD,SANTIAGO DE CHUCO,SANTIAGO DE CHUCO,21064
LA LIBERTAD,SANTIAGO DE CHUCO,ANGASMARCA,5391
LA LIBERTAD,SANTIAGO DE CHUCO,CACHICADAN,6200
LA LIBERTAD,SANTIAGO DE CHUCO,MOLLEBAMBA,1933
LA LIBERTAD,SANTIAGO DE CHUCO,MOLLEPATA,2620
LA LIBERTAD,SANTIAGO DE CHUCO,QUIRUVILCA,14367
LA LIBERTAD,SANTIAGO DE CHUCO,SANTA CRUZ DE CHUCA,3227
LA LIBERTAD,SANTIAGO DE CHUCO,SITABAMBA,3810
LA LIBERTAD,GRAN CHIMU,CASCAS,15118
LA LIBERTAD,GRAN CHIMU,LUCMA,5277
LA LIBERTAD,GRAN CHIMU,MARMOT,2679
LA LIBERTAD,GRAN CHIMU,SAYAPULLO,7046
LA LIBERTAD,VIRU,VIRU,58345
LA LIBERTAD,VIRU,CHAO,36374
LA LIBERTAD,VIRU,GUADALUPITO,7689
LAMBAYEQUE,CHICLAYO,CHICLAYO,294380
LAMBAYEQUE,CHICLAYO,CHONGOYAPE,19957
LAMBAYEQUE,CHICLAYO,ETEN,13020
LAMBAYEQUE,CHICLAYO,ETEN PUERTO,2513
LAMBAYEQUE,CHICLAYO,JOSE LEONARDO ORTIZ,170581
LAMBAYEQUE,CHICLAYO,LA VICTORIA,97701
LAMBAYEQUE,CHICLAYO,LAGUNAS,10899
LAMBAYEQUE,CHICLAYO,MONSEFU,35368
LAMBAYEQUE,CHICLAYO,NUEVA ARICA,2623
LAMBAYEQUE,CHICLAYO,OYOTUN,9052
LAMBAYEQUE,CHICLAYO,PICSI,13924
LAMBAYEQUE,CHICLAYO,PIMENTEL,49058
LAMBAYEQUE,CHICLAYO,REQUE,17186
LAMBAYEQUE,CHICLAYO,SANTA ROSA,13568
LAMBAYEQUE,CHICLAYO,SAÑA,12910
LAMBAYEQUE,CHICLAYO,CAYALTI,16364
LAMBAYEQUE,CHICLAYO,PATAPO,25034
LAMBAYEQUE,CHICLAYO,POMALCA,27193
LAMBAYEQUE,CHICLAYO,PUCALA,9477
LAMBAYEQUE,CHICLAYO,TUMAN,30656
LAMBAYEQUE,FERREÑAFE,FERREÑAFE,37988
LAMBAYEQUE,FERREÑAFE,CAÑARIS,12608
LAMBAYEQUE,FERREÑAFE,INCAHUASI,15218
LAMBAYEQUE,FERREÑAFE,MANUEL ANTONIO MESONES MURO,4295
LAMBAYEQUE,FERREÑAFE,PITIPO,22299
LAMBAYEQUE,FERREÑAFE,PUEBLO NUEVO,15567
LAMBAYEQUE,LAMBAYEQUE,LAMBAYEQUE,78543
LAMBAYEQUE,LAMBAYEQUE,CHOCHOPE,1523
LAMBAYEQUE,LAMBAYEQUE,ILLIMO,9729
LAMBAYEQUE,LAMBAYEQUE,JAYANCA,19480
LAMBAYEQUE,LAMBAYEQUE,MOCHUMI,20060
LAMBAYEQUE,LAMBAYEQUE,MORROPE,53207
LAMBAYEQUE,LAMBAYEQUE,MOTUPE,32604
LAMBAYEQUE,LAMBAYEQUE,OLMOS,52681
LAMBAYEQUE,LAMBAYEQUE,PACORA,8641
LAMBAYEQUE,LAMBAYEQUE,SALAS,13869
LAMBAYEQUE,LAMBAYEQUE,SAN JOSE,16785
LAMBAYEQUE,LAMBAYEQUE,TUCUME,24224
LIMA,LIMA,LIMA,293647
LIMA,LIMA,ANCON,69243
LIMA,LIMA,ATE,642828
LIMA,LIMA,BARRANCO,38748
LIMA,LIMA,BREÑA,97431
LIMA,LIMA,CARABAYLLO,360561
LIMA,LIMA,CHACLACAYO,46242
LIMA,LIMA,CHORRILLOS,356549
LIMA,LIMA,CIENEGUILLA,36780
LIMA,LIMA,COMAS,581447
LIMA,LIMA,EL AGUSTINO,220858
LIMA,LIMA,INDEPENDENCIA,230144
LIMA,LIMA,JESUS MARIA,85499
LIMA,LIMA,LA MOLINA,166442
LIMA,LIMA,LA VICTORIA,200770
LIMA,LIMA,LINCE,63861
LIMA,LIMA,LOS OLIVOS,362222
LIMA,LIMA,LURIGANCHO,230978
LIMA,LIMA,SANTA MARIA DE HUACHIPA /1,32826
LIMA,LIMA,LURIN,99846
LIMA,LIMA,MAGDALENA DEL MAR,67156
LIMA,LIMA,PUEBLO LIBRE,97427
LIMA,LIMA,MIRAFLORES,114188
LIMA,LIMA,PACHACAMAC,123627
LIMA,LIMA,PUCUSANA,15507
LIMA,LIMA,PUENTE PIEDRA,361606
LIMA,LIMA,PUNTA HERMOSA,17408
LIMA,LIMA,PUNTA NEGRA,7836
LIMA,LIMA,RIMAC,190288
LIMA,LIMA,SAN BARTOLO,8375
LIMA,LIMA,SAN BORJA,134317
LIMA,LIMA,SAN ISIDRO,72942
LIMA,LIMA,SAN JUAN DE LURIGANCHO,1150470
LIMA,LIMA,SAN JUAN DE MIRAFLORES,421017
LIMA,LIMA,SAN LUIS,59084
LIMA,LIMA,SAN MARTIN DE PORRES,740749
LIMA,LIMA,SAN MIGUEL,175411
LIMA,LIMA,SANTA ANITA,221039
LIMA,LIMA,SANTA MARIA DEL MAR,1090
LIMA,LIMA,SANTA ROSA,29860
LIMA,LIMA,SANTIAGO DE SURCO,410587
LIMA,LIMA,SURQUILLO,105715
LIMA,LIMA,VILLA EL SALVADOR,429509
LIMA,LIMA,VILLA MARIA DEL TRIUNFO,440575
LIMA,BARRANCA,BARRANCA,76776
LIMA,BARRANCA,PARAMONGA,25510
LIMA,BARRANCA,PATIVILCA,19697
LIMA,BARRANCA,SUPE,26727
LIMA,BARRANCA,SUPE PUERTO,14298
LIMA,CAJATAMBO,CAJATAMBO,2373
LIMA,CAJATAMBO,COPA,966
LIMA,CAJATAMBO,GORGOR,1913
LIMA,CAJATAMBO,HUANCAPON,1142
LIMA,CAJATAMBO,MANAS,1123
LIMA,CANTA,CANTA,2730
LIMA,CANTA,ARAHUAY,699
LIMA,CANTA,HUAMANTANGA,836
LIMA,CANTA,HUAROS,900
LIMA,CANTA,LACHAQUI,1090
LIMA,CANTA,SAN BUENAVENTURA,668
LIMA,CANTA,SANTA ROSA DE QUIVES,6484
LIMA,CAÑETE,SAN VICENTE DE CAÑETE,62198
LIMA,CAÑETE,ASIA,10452
LIMA,CAÑETE,CALANGO,2673
LIMA,CAÑETE,CERRO AZUL,9012
LIMA,CAÑETE,CHILCA,23077
LIMA,CAÑETE,COAYLLO,1165
LIMA,CAÑETE,IMPERIAL,41617
LIMA,CAÑETE,LUNAHUANA,4821
LIMA,CAÑETE,MALA,35251
LIMA,CAÑETE,NUEVO IMPERIAL,28265
LIMA,CAÑETE,PACARAN,1859
LIMA,CAÑETE,QUILMANA,17138
LIMA,CAÑETE,SAN ANTONIO,4864
LIMA,CAÑETE,SAN LUIS,14114
LIMA,CAÑETE,SANTA CRUZ DE FLORES,3401
LIMA,CAÑETE,ZUÑIGA,1535
LIMA,HUARAL,HUARAL,111809
LIMA,HUARAL,ATAVILLOS ALTO,829
LIMA,HUARAL,ATAVILLOS BAJO,1103
LIMA,HUARAL,AUCALLAMA,22014
LIMA,HUARAL,CHANCAY,64072
LIMA,HUARAL,IHUARI,2410
LIMA,HUARAL,LAMPIAN,390
LIMA,HUARAL,PACARAOS,1252
LIMA,HUARAL,SAN MIGUEL DE ACOS,731
LIMA,HUARAL,SANTA CRUZ DE ANDAMARCA,913
LIMA,HUARAL,SUMBILCA,888
LIMA,HUARAL,VEINTISIETE DE NOVIEMBRE,483
LIMA,HUAROCHIRI,MATUCANA,4702
LIMA,HUAROCHIRI,ANTIOQUIA,1424
LIMA,HUAROCHIRI,CALLAHUANCA,923
LIMA,HUAROCHIRI,CARAMPOMA,380
LIMA,HUAROCHIRI,CHICLA,4097
LIMA,HUAROCHIRI,SAN JOSE DE LOS CHORRILLOS,483
LIMA,HUAROCHIRI,HUACHUPAMPA,686
LIMA,HUAROCHIRI,HUANZA,975
LIMA,HUAROCHIRI,HUAROCHIRI,1515
LIMA,HUAROCHIRI,LAHUAYTAMBO,761
LIMA,HUAROCHIRI,LANGA,1005
LIMA,HUAROCHIRI,SAN PEDRO DE LARAOS,744
LIMA,HUAROCHIRI,MARIATANA,1571
LIMA,HUAROCHIRI,RICARDO PALMA,7117
LIMA,HUAROCHIRI,SAN ANDRES DE TUPICOCHA,1509
LIMA,HUAROCHIRI,SAN ANTONIO,1080
LIMA,HUAROCHIRI,SAN BARTOLOME,1374
LIMA,HUAROCHIRI,SAN DAMIAN,1371
LIMA,HUAROCHIRI,SAN JUAN DE IRIS,768
LIMA,HUAROCHIRI,SAN JUAN DE TANTARANCHE,398
LIMA,HUAROCHIRI,SAN LORENZO DE QUINTI,1427
LIMA,HUAROCHIRI,SAN MATEO,4620
LIMA,HUAROCHIRI,SAN MATEO DE OTAO,1674
LIMA,HUAROCHIRI,CASTA,1120
LIMA,HUAROCHIRI,SAN PEDRO DE HUANCAYRE,236
LIMA,HUAROCHIRI,SANGALLAYA,729
LIMA,HUAROCHIRI,SANTA CRUZ DE COCACHACRA,2869
LIMA,HUAROCHIRI,SANTA EULALIA,14253
LIMA,HUAROCHIRI,SANTIAGO DE ANCHUCAYA,354
LIMA,HUAROCHIRI,SANTIAGO DE TUNA,476
LIMA,HUAROCHIRI,SANTO DOMINGO DE LOS OLLEROS,3506
LIMA,HUAROCHIRI,SURCO,1675
LIMA,HUAURA,HUACHO,73526
LIMA,HUAURA,AMBAR,2459
LIMA,HUAURA,CALETA DE CARQUIN,8674
LIMA,HUAURA,CHECRAS,1121
LIMA,HUAURA,HUALMAY,31302
LIMA,HUAURA,HUAURA,38493
LIMA,HUAURA,LEONCIO PRADO,2178
LIMA,HUAURA,PACCHO,1891
LIMA,HUAURA,SANTA LEONOR,877
LIMA,HUAURA,SANTA MARIA,40275
LIMA,HUAURA,SAYAN,26139
LIMA,HUAURA,VEGUETA,27931
LIMA,OYON,OYON,13120
LIMA,OYON,ANDAJES,653
LIMA,OYON,CAUJUL,633
LIMA,OYON,COCHAMARCA,1226
LIMA,OYON,NAVAN,968
LIMA,OYON,PACHANGARA,2870
LIMA,YAUYOS,YAUYOS,1704
LIMA,YAUYOS,ALIS,1620
LIMA,YAUYOS,ALLAUCA,1331
LIMA,YAUYOS,AYAVIRI,621
LIMA,YAUYOS,AZANGARO,477
LIMA,YAUYOS,CACRA,571
LIMA,YAUYOS,CARANIA,181
LIMA,YAUYOS,CATAHUASI,1201
LIMA,YAUYOS,CHOCOS,908
LIMA,YAUYOS,COCHAS,249
LIMA,YAUYOS,COLONIA,1342
LIMA,YAUYOS,HONGOS,360
LIMA,YAUYOS,HUAMPARA,170
LIMA,YAUYOS,HUANCAYA,641
LIMA,YAUYOS,HUANGASCAR,729
LIMA,YAUYOS,HUANTAN,1007
LIMA,YAUYOS,HUAÑEC,526
LIMA,YAUYOS,LARAOS,673
LIMA,YAUYOS,LINCHA,512
LIMA,YAUYOS,MADEAN,628
LIMA,YAUYOS,MIRAFLORES,265
LIMA,YAUYOS,OMAS,729
LIMA,YAUYOS,PUTINZA,547
LIMA,YAUYOS,QUINCHES,755
LIMA,YAUYOS,QUINOCAY,511
LIMA,YAUYOS,SAN JOAQUIN,193
LIMA,YAUYOS,SAN PEDRO DE PILAS,335
LIMA,YAUYOS,TANTA,547
LIMA,YAUYOS,TAURIPAMPA,579
LIMA,YAUYOS,TOMAS,624
LIMA,YAUYOS,TUPE,575
LIMA,YAUYOS,VIÑAC,1855
LIMA,YAUYOS,VITIS,373
LORETO,MAYNAS,IQUITOS,168923
LORETO,MAYNAS,ALTO NANAY,3195
LORETO,MAYNAS,FERNANDO LORES,15519
LORETO,MAYNAS,INDIANA,12094
LORETO,MAYNAS,LAS AMAZONAS,9086
LORETO,MAYNAS,MAZAN,14194
LORETO,MAYNAS,NAPO,17346
LORETO,MAYNAS,PUNCHANA,89280
LORETO,MAYNAS,TORRES CAUSANA,5166
LORETO,MAYNAS,BELEN,73077
LORETO,MAYNAS,SAN JUAN BAUTISTA,145648
LORETO,ALTO AMAZONAS,YURIMAGUAS,97535
LORETO,ALTO AMAZONAS,BALSAPUERTO,16844
LORETO,ALTO AMAZONAS,JEBEROS,4688
LORETO,ALTO AMAZONAS,LAGUNAS,13965
LORETO,ALTO AMAZONAS,SANTA CRUZ,4339
LORETO,ALTO AMAZONAS,TENIENTE CESAR LOPEZ ROJAS,6331
LORETO,LORETO,NAUTA,33235
LORETO,LORETO,PARINARI,6629
LORETO,LORETO,TIGRE,7695
LORETO,LORETO,TROMPETEROS,10313
LORETO,LORETO,URARINAS,13671
LORETO,MARISCAL RAMON CASTILLA,RAMON CASTILLA,23380
LORETO,MARISCAL RAMON CASTILLA,PEBAS,13190
LORETO,MARISCAL RAMON CASTILLA,YAVARI,10414
LORETO,MARISCAL RAMON CASTILLA,SAN PABLO,12895
LORETO,REQUENA,REQUENA,28284
LORETO,REQUENA,ALTO TAPICHE,1733
LORETO,REQUENA,CAPELO,2725
LORETO,REQUENA,EMILIO SAN MARTIN,7035
LORETO,REQUENA,MAQUIA,8713
LORETO,REQUENA,PUINAHUA,4855
LORETO,REQUENA,SAQUENA,3539
LORETO,REQUENA,SOPLIN,685
LORETO,REQUENA,TAPICHE,988
LORETO,REQUENA,JENARO HERRERA,5197
LORETO,REQUENA,YAQUERANA,2349
LORETO,UCAYALI,CONTAMANA,27948
LORETO,UCAYALI,INAHUAYA,1844
LORETO,UCAYALI,PADRE MARQUEZ,3969
LORETO,UCAYALI,PAMPA HERMOSA,6591
LORETO,UCAYALI,SARAYACU,15617
LORETO,UCAYALI,VARGAS GUERRA,7817
LORETO,DATEM DEL MARAÑON,BARRANCA,15586
LORETO,DATEM DEL MARAÑON,CAHUAPANAS,7973
LORETO,DATEM DEL MARAÑON,MANSERICHE,9697
LORETO,DATEM DEL MARAÑON,MORONA,5098
LORETO,DATEM DEL MARAÑON,PASTAZA,6357
LORETO,DATEM DEL MARAÑON,ANDOAS,14759
LORETO,PUTUMAYO,PUTUMAYO,4449
LORETO,PUTUMAYO,ROSA PANDURO,631
LORETO,PUTUMAYO,TENIENTE MANUEL CLAVERO,2955
LORETO,PUTUMAYO,YAGUAS,1513
MADRE DE DIOS,TAMBOPATA,TAMBOPATA,100184
MADRE DE DIOS,TAMBOPATA,INAMBARI,14521
MADRE DE DIOS,TAMBOPATA,LAS PIEDRAS,15930
MADRE DE DIOS,TAMBOPATA,LABERINTO,6655
MADRE DE DIOS,MANU,MANU,2748
MADRE DE DIOS,MANU,FITZCARRALD,1571
MADRE DE DIOS,MANU,MADRE DE DIOS,7751
MADRE DE DIOS,MANU,HUEPETUHE,10905
MADRE DE DIOS,TAHUAMANU,IÑAPARI,3016
MADRE DE DIOS,TAHUAMANU,IBERIA,6865
MADRE DE DIOS,TAHUAMANU,TAHUAMANU,3665
MOQUEGUA,MARISCAL NIETO,MOQUEGUA,71688
MOQUEGUA,MARISCAL NIETO,CARUMAS,2780
MOQUEGUA,MARISCAL NIETO,CUCHUMBAYA,892
MOQUEGUA,MARISCAL NIETO,SAMEGUA,9348
MOQUEGUA,MARISCAL NIETO,SAN CRISTOBAL,1993
MOQUEGUA,MARISCAL NIETO,TORATA,7198
MOQUEGUA,GENERAL SANCHEZ CERRO,OMATE,3564
MOQUEGUA,GENERAL SANCHEZ CERRO,CHOJATA,807
MOQUEGUA,GENERAL SANCHEZ CERRO,COALAQUE,1133
MOQUEGUA,GENERAL SANCHEZ CERRO,ICHUÑA,3437
MOQUEGUA,GENERAL SANCHEZ CERRO,LA CAPILLA,735
MOQUEGUA,GENERAL SANCHEZ CERRO,LLOQUE,635
MOQUEGUA,GENERAL SANCHEZ CERRO,MATALAQUE,528
MOQUEGUA,GENERAL SANCHEZ CERRO,PUQUINA,2883
MOQUEGUA,GENERAL SANCHEZ CERRO,QUINISTAQUILLAS,591
MOQUEGUA,GENERAL SANCHEZ CERRO,UBINAS,2086
MOQUEGUA,GENERAL SANCHEZ CERRO,YUNGA,988
MOQUEGUA,ILO,ILO,72654
MOQUEGUA,ILO,EL ALGARROBAL,3759
MOQUEGUA,ILO,PACOCHA,5041
PASCO,PASCO,CHAUPIMARCA,27301
PASCO,PASCO,HUACHON,4645
PASCO,PASCO,HUARIACA,7180
PASCO,PASCO,HUAYLLAY,9810
PASCO,PASCO,NINACACA,4111
PASCO,PASCO,PALLANCHACRA,1832
PASCO,PASCO,PAUCARTAMBO,11681
PASCO,PASCO,SAN FCO DE ASIS DE YARUSYACAN,4770
PASCO,PASCO,SIMON BOLIVAR,13002
PASCO,PASCO,TICLACAYAN,3440
PASCO,PASCO,TINYAHUARCO,7044
PASCO,PASCO,VICCO,3572
PASCO,PASCO,YANACANCHA,31249
PASCO,DANIEL ALCIDES CARRION,YANAHUANCA,12085
PASCO,DANIEL ALCIDES CARRION,CHACAYAN,2158
PASCO,DANIEL ALCIDES CARRION,GOYLLARISQUIZGA,1614
PASCO,DANIEL ALCIDES CARRION,PAUCAR,1882
PASCO,DANIEL ALCIDES CARRION,SAN PEDRO DE PILLAO,1445
PASCO,DANIEL ALCIDES CARRION,SANTA ANA DE TUSI,22297
PASCO,DANIEL ALCIDES CARRION,TAPUC,2450
PASCO,DANIEL ALCIDES CARRION,VILCABAMBA,2067
PASCO,OXAPAMPA,OXAPAMPA,16610
PASCO,OXAPAMPA,CHONTABAMBA,5669
PASCO,OXAPAMPA,HUANCABAMBA,6884
PASCO,OXAPAMPA,PALCAZU,8271
PASCO,OXAPAMPA,POZUZO,5168
PASCO,OXAPAMPA,PUERTO BERMUDEZ,19678
PASCO,OXAPAMPA,VILLA RICA,18779
PASCO,OXAPAMPA,CONSTITUCION,15210
PIURA,PIURA,PIURA,176982
PIURA,PIURA,CASTILLA,178076
PIURA,PIURA,CATACAOS,81010
PIURA,PIURA,CURA MORI,20087
PIURA,PIURA,EL TALLAN,5689
PIURA,PIURA,LA ARENA,41321
PIURA,PIURA,LA UNION,44063
PIURA,PIURA,LAS LOMAS,29856
PIURA,PIURA,TAMBO GRANDE,122471
PIURA,PIURA,VEINTISEIS DE OCTUBRE,181687
PIURA,AYABACA,AYABACA,35164
PIURA,AYABACA,FRIAS,22331
PIURA,AYABACA,JILILI,2824
PIURA,AYABACA,LAGUNAS,6106
PIURA,AYABACA,MONTERO,7025
PIURA,AYABACA,PACAIPAMPA,24176
PIURA,AYABACA,PAIMAS,10572
PIURA,AYABACA,SAPILLICA,11351
PIURA,AYABACA,SICCHEZ,1802
PIURA,AYABACA,SUYO,12463
PIURA,HUANCABAMBA,HUANCABAMBA,30760
PIURA,HUANCABAMBA,CANCHAQUE,8207
PIURA,HUANCABAMBA,EL CARMEN DE LA FRONTERA,12373
PIURA,HUANCABAMBA,HUARMACA,39045
PIURA,HUANCABAMBA,LALAQUIZ,4527
PIURA,HUANCABAMBA,SAN MIGUEL DE EL FAIQUE,9618
PIURA,HUANCABAMBA,SONDOR,7853
PIURA,HUANCABAMBA,SONDORILLO,11420
PIURA,MORROPON,CHULUCANAS,90614
PIURA,MORROPON,BUENOS AIRES,10335
PIURA,MORROPON,CHALACO,8435
PIURA,MORROPON,LA MATANZA,15162
PIURA,MORROPON,MORROPON,16405
PIURA,MORROPON,SALITRAL,9310
PIURA,MORROPON,SAN JUAN DE BIGOTE,7011
PIURA,MORROPON,SANTA CATALINA DE MOSSA,4067
PIURA,MORROPON,SANTO DOMINGO,6703
PIURA,MORROPON,YAMANGO,9352
PIURA,PAITA,PAITA,98976
PIURA,PAITA,AMOTAPE,2594
PIURA,PAITA,ARENAL,1250
PIURA,PAITA,COLAN,16550
PIURA,PAITA,LA HUACA,14013
PIURA,PAITA,TAMARINDO,5334
PIURA,PAITA,VICHAYAL,6127
PIURA,SULLANA,SULLANA,190709
PIURA,SULLANA,BELLAVISTA,40144
PIURA,SULLANA,IGNACIO ESCUDERO,21758
PIURA,SULLANA,LANCONES,13852
PIURA,SULLANA,MARCAVELICA,32311
PIURA,SULLANA,MIGUEL CHECA,9997
PIURA,SULLANA,QUERECOTILLO,28566
PIURA,SULLANA,SALITRAL,7652
PIURA,TALARA,PARIÑAS,106281
PIURA,TALARA,EL ALTO,8945
PIURA,TALARA,LA BREA,13653
PIURA,TALARA,LOBITOS,1472
PIURA,TALARA,LOS ORGANOS,11711
PIURA,TALARA,MANCORA,13929
PIURA,SECHURA,SECHURA,48230
PIURA,SECHURA,BELLAVISTA DE LA UNION,5131
PIURA,SECHURA,BERNAL,7549
PIURA,SECHURA,CRISTO NOS VALGA,4736
PIURA,SECHURA,VICE,17032
PIURA,SECHURA,RINCONADA-LLICUAR,3199
PUNO,PUNO,PUNO,140527
PUNO,PUNO,ACORA,24135
PUNO,PUNO,AMANTANI,3564
PUNO,PUNO,ATUNCOLLA,4873
PUNO,PUNO,CAPACHICA,7755
PUNO,PUNO,CHUCUITO,7337
PUNO,PUNO,COATA,7015
PUNO,PUNO,HUATA,3315
PUNO,PUNO,MAÑAZO,5358
PUNO,PUNO,PAUCARCOLLA,4435
PUNO,PUNO,PICHACANI,5888
PUNO,PUNO,PLATERIA,7421
PUNO,PUNO,SAN ANTONIO,2688
PUNO,PUNO,TIQUILLACA,1665
PUNO,PUNO,VILQUE,3023
PUNO,AZANGARO,AZANGARO,31182
PUNO,AZANGARO,ACHAYA,2993
PUNO,AZANGARO,ARAPA,7367
PUNO,AZANGARO,ASILLO,15282
PUNO,AZANGARO,CAMINACA,3120
PUNO,AZANGARO,CHUPA,6786
PUNO,AZANGARO,JOSE DOMINGO CHOQUEHUANCA,4859
PUNO,AZANGARO,MUÑANI,7057
PUNO,AZANGARO,POTONI,4145
PUNO,AZANGARO,SAMAN,10085
PUNO,AZANGARO,SAN ANTON,7750
PUNO,AZANGARO,SAN JOSE,5111
PUNO,AZANGARO,SAN JUAN DE SALINAS,3074
PUNO,AZANGARO,SANTIAGO DE PUPUJA,4703
PUNO,AZANGARO,TIRAPATA,3013
PUNO,CARABAYA,MACUSANI,13913
PUNO,CARABAYA,AJOYANI,2381
PUNO,CARABAYA,AYAPATA,9627
PUNO,CARABAYA,COASA,6985
PUNO,CARABAYA,CORANI,4564
PUNO,CARABAYA,CRUCERO,9912
PUNO,CARABAYA,ITUATA,8132
PUNO,CARABAYA,OLLACHEA,6337
PUNO,CARABAYA,SAN GABAN,7196
PUNO,CARABAYA,USICAYOS,9370
PUNO,CHUCUITO,JULI,21033
PUNO,CHUCUITO,DESAGUADERO,14412
PUNO,CHUCUITO,HUACULLANI,9648
PUNO,CHUCUITO,KELLUYO,7927
PUNO,CHUCUITO,PISACOMA,8800
PUNO,CHUCUITO,POMATA,14605
PUNO,CHUCUITO,ZEPITA,17873
PUNO,EL COLLAO,ILAVE,49561
PUNO,EL COLLAO,CAPASO,1203
PUNO,EL COLLAO,PILCUYO,11147
PUNO,EL COLLAO,SANTA ROSA,3699
PUNO,EL COLLAO,CONDURIRI,2701
PUNO,HUANCANE,HUANCANE,19216
PUNO,HUANCANE,COJATA,4075
PUNO,HUANCANE,HUATASANI,3310
PUNO,HUANCANE,INCHUPALLA,2730
PUNO,HUANCANE,PUSI,5294
PUNO,HUANCANE,ROSASPATA,4252
PUNO,HUANCANE,TARACO,13632
PUNO,HUANCANE,VILQUE CHICO,7648
PUNO,LAMPA,LAMPA,11723
PUNO,LAMPA,CABANILLA,5876
PUNO,LAMPA,CALAPUJA,1703
PUNO,LAMPA,NICASIO,2476
PUNO,LAMPA,OCUVIRI,2457
PUNO,LAMPA,PALCA,1951
PUNO,LAMPA,PARATIA,2926
PUNO,LAMPA,PUCARA,5551
PUNO,LAMPA,SANTA LUCIA,7567
PUNO,LAMPA,VILAVILA,1322
PUNO,MELGAR,AYAVIRI,25333
PUNO,MELGAR,ANTAUTA,5663
PUNO,MELGAR,CUPI,2134
PUNO,MELGAR,LLALLI,2752
PUNO,MELGAR,MACARI,7396
PUNO,MELGAR,NUÑOA,8864
PUNO,MELGAR,ORURILLO,8062
PUNO,MELGAR,SANTA ROSA,6461
PUNO,MELGAR,UMACHIRI,3922
PUNO,MOHO,MOHO,11689
PUNO,MOHO,CONIMA,3250
PUNO,MOHO,HUAYRAPATA,2717
PUNO,MOHO,TILALI,2588
PUNO,SAN ANTONIO DE PUTINA,PUTINA,15190
PUNO,SAN ANTONIO DE PUTINA,ANANEA,13230
PUNO,SAN ANTONIO DE PUTINA,PEDRO VILCA APAZA,2002
PUNO,SAN ANTONIO DE PUTINA,QUILCAPUNCU,5515
PUNO,SAN ANTONIO DE PUTINA,SINA,1775
PUNO,SAN ROMAN,JULIACA,239463
PUNO,SAN ROMAN,CABANA,5235
PUNO,SAN ROMAN,CABANILLAS,4669
PUNO,SAN ROMAN,CARACOTO,7161
PUNO,SAN ROMAN,SAN MIGUEL,66909
PUNO,SANDIA,SANDIA,11501
PUNO,SANDIA,CUYOCUYO,5617
PUNO,SANDIA,LIMBANI,3387
PUNO,SANDIA,PATAMBUCO,4265
PUNO,SANDIA,PHARA,5940
PUNO,SANDIA,QUIACA,2313
PUNO,SANDIA,SAN JUAN DEL ORO,4063
PUNO,SANDIA,YANAHUAYA,2204
PUNO,SANDIA,ALTO INAMBARI,7576
PUNO,SANDIA,SAN PEDRO DE PUTINA PUNCO,10461
PUNO,YUNGUYO,YUNGUYO,25417
PUNO,YUNGUYO,ANAPIA,1802
PUNO,YUNGUYO,COPANI,5003
PUNO,YUNGUYO,CUTURAPI,1359
PUNO,YUNGUYO,OLLARAYA,2845
PUNO,YUNGUYO,TINICACHI,939
PUNO,YUNGUYO,UNICACHI,1064
SAN MARTIN,MOYOBAMBA,MOYOBAMBA,84601
SAN MARTIN,MOYOBAMBA,CALZADA,4839
SAN MARTIN,MOYOBAMBA,HABANA,1757
SAN MARTIN,MOYOBAMBA,JEPELACIO,17210
SAN MARTIN,MOYOBAMBA,SORITOR,24034
SAN MARTIN,MOYOBAMBA,YANTALO,3012
SAN MARTIN,BELLAVISTA,BELLAVISTA,18470
SAN MARTIN,BELLAVISTA,ALTO BIAVO,9058
SAN MARTIN,BELLAVISTA,BAJO BIAVO,14906
SAN MARTIN,BELLAVISTA,HUALLAGA,2860
SAN MARTIN,BELLAVISTA,SAN PABLO,9112
SAN MARTIN,BELLAVISTA,SAN RAFAEL,6413
SAN MARTIN,EL DORADO,SAN JOSE DE SISA,16862
SAN MARTIN,EL DORADO,AGUA BLANCA,2509
SAN MARTIN,EL DORADO,SAN MARTIN,12703
SAN MARTIN,EL DORADO,SANTA ROSA,7308
SAN MARTIN,EL DORADO,SHATOJA,3210
SAN MARTIN,HUALLAGA,SAPOSOA,14879
SAN MARTIN,HUALLAGA,ALTO SAPOSOA,4873
SAN MARTIN,HUALLAGA,EL ESLABON,2234
SAN MARTIN,HUALLAGA,PISCOYACU,4655
SAN MARTIN,HUALLAGA,SACANCHE,2575
SAN MARTIN,HUALLAGA,TINGO DE SAPOSOA,831
SAN MARTIN,LAMAS,LAMAS,15700
SAN MARTIN,LAMAS,ALONSO DE ALVARADO,15225
SAN MARTIN,LAMAS,BARRANQUITA,7237
SAN MARTIN,LAMAS,CAYNARACHI,10776
SAN MARTIN,LAMAS,CUÑUMBUQUI,3498
SAN MARTIN,LAMAS,PINTO RECODO,9584
SAN MARTIN,LAMAS,RUMISAPA,3701
SAN MARTIN,LAMAS,SAN ROQUE DE CUMBAZA,1729
SAN MARTIN,LAMAS,SHANAO,2109
SAN MARTIN,LAMAS,TABALOSOS,14832
SAN MARTIN,LAMAS,ZAPATERO,5928
SAN MARTIN,MARISCAL CACERES,JUANJUI,34114
SAN MARTIN,MARISCAL CACERES,CAMPANILLA,15431
SAN MARTIN,MARISCAL CACERES,HUICUNGO,9026
SAN MARTIN,MARISCAL CACERES,PACHIZA,6456
SAN MARTIN,MARISCAL CACERES,PAJARILLO,5935
SAN MARTIN,PICOTA,PICOTA,11204
SAN MARTIN,PICOTA,BUENOS AIRES,3198
SAN MARTIN,PICOTA,CASPIZAPA,2229
SAN MARTIN,PICOTA,PILLUANA,902
SAN MARTIN,PICOTA,PUCACACA,3140
SAN MARTIN,PICOTA,SAN CRISTOBAL,1258
SAN MARTIN,PICOTA,SAN HILARION,4139
SAN MARTIN,PICOTA,SHAMBOYACU,10039
SAN MARTIN,PICOTA,TINGO DE PONASA,4095
SAN MARTIN,PICOTA,TRES UNIDOS,4307
SAN MARTIN,RIOJA,RIOJA,27014
SAN MARTIN,RIOJA,AWAJUN,8194
SAN MARTIN,RIOJA,ELIAS SOPLIN VARGAS,18742
SAN MARTIN,RIOJA,NUEVA CAJAMARCA,46520
SAN MARTIN,RIOJA,PARDO MIGUEL,17996
SAN MARTIN,RIOJA,POSIC,2005
SAN MARTIN,RIOJA,SAN FERNANDO,3889
SAN MARTIN,RIOJA,YORONGOS,2818
SAN MARTIN,RIOJA,YURACYACU,4070
SAN MARTIN,SAN MARTIN,TARAPOTO,84027
SAN MARTIN,SAN MARTIN,ALBERTO LEVEAU,928
SAN MARTIN,SAN MARTIN,CACATACHI,3791
SAN MARTIN,SAN MARTIN,CHAZUTA,10585
SAN MARTIN,SAN MARTIN,CHIPURANA,2366
SAN MARTIN,SAN MARTIN,EL PORVENIR,2538
SAN MARTIN,SAN MARTIN,HUIMBAYOC,5508
SAN MARTIN,SAN MARTIN,JUAN GUERRA,4132
SAN MARTIN,SAN MARTIN,LA BANDA DE SHILCAYO,46604
SAN MARTIN,SAN MARTIN,MORALES,40253
SAN MARTIN,SAN MARTIN,PAPAPLAYA,2209
SAN MARTIN,SAN MARTIN,SAN ANTONIO,1750
SAN MARTIN,SAN MARTIN,SAUCE,7795
SAN MARTIN,SAN MARTIN,SHAPAJA,2052
SAN MARTIN,TOCACHE,TOCACHE,31167
SAN MARTIN,TOCACHE,NUEVO PROGRESO,12813
SAN MARTIN,TOCACHE,POLVORA,11521
SAN MARTIN,TOCACHE,SHUNTE,1371
SAN MARTIN,TOCACHE,UCHIZA,22287
TACNA,TACNA,TACNA,109363
TACNA,TACNA,ALTO DE LA ALIANZA,37507
TACNA,TACNA,CALANA,3545
TACNA,TACNA,CIUDAD NUEVA,34398
TACNA,TACNA,INCLAN,3135
TACNA,TACNA,PACHIA,2419
TACNA,TACNA,PALCA,2202
TACNA,TACNA,POCOLLAY,20281
TACNA,TACNA,SAMA,3720
TACNA,TACNA,CORONEL GREGORIO ALBARRACIN L.,120830
TACNA,TACNA,LA YARADA LOS PALOS,6891
TACNA,CANDARAVE,CANDARAVE,2780
TACNA,CANDARAVE,CAIRANI,1116
TACNA,CANDARAVE,CAMILACA,1377
TACNA,CANDARAVE,CURIBAYA,433
TACNA,CANDARAVE,HUANUARA,594
TACNA,CANDARAVE,QUILAHUANI,796
TACNA,JORGE BASADRE,LOCUMBA,2728
TACNA,JORGE BASADRE,ILABAYA,6630
TACNA,JORGE BASADRE,ITE,3297
TACNA,TARATA,TARATA,4020
TACNA,TARATA,HEROES ALBARRACIN,377
TACNA,TARATA,ESTIQUE,280
TACNA,TARATA,ESTIQUE PAMPA,190
TACNA,TARATA,SITAJARA,413
TACNA,TARATA,SUSAPAYA,621
TACNA,TARATA,TARUCACHI,360
TACNA,TARATA,TICACO,671
TUMBES,TUMBES,TUMBES,115048
TUMBES,TUMBES,CORRALES,25790
TUMBES,TUMBES,LA CRUZ,10559
TUMBES,TUMBES,PAMPAS DE HOSPITAL,7724
TUMBES,TUMBES,SAN JACINTO,9368
TUMBES,TUMBES,SAN JUAN DE LA VIRGEN,4983
TUMBES,CONTRALMIRANTE VILLAR,ZORRITOS,13653
TUMBES,CONTRALMIRANTE VILLAR,CASITAS,2778
TUMBES,CONTRALMIRANTE VILLAR,CANOAS DE PUNTA SAL,7104
TUMBES,ZARUMILLA,ZARUMILLA,24821
TUMBES,ZARUMILLA,AGUAS VERDES,19169
TUMBES,ZARUMILLA,MATAPALO,3621
TUMBES,ZARUMILLA,PAPAYAL,6903
UCAYALI,CORONEL PORTILLO,CALLERIA,176642
UCAYALI,CORONEL PORTILLO,CAMPOVERDE,19378
UCAYALI,CORONEL PORTILLO,IPARIA,12510
UCAYALI,CORONEL PORTILLO,MASISEA,12491
UCAYALI,CORONEL PORTILLO,YARINACOCHA,118365
UCAYALI,CORONEL PORTILLO,NUEVA REQUENA,5953
UCAYALI,CORONEL PORTILLO,MANANTAY,104487
UCAYALI,ATALAYA,RAIMONDI,39819
UCAYALI,ATALAYA,SEPAHUA,8288
UCAYALI,ATALAYA,TAHUANIA,10248
UCAYALI,ATALAYA,YURUA,2322
UCAYALI,PADRE ABAD,PADRE ABAD,37338
UCAYALI,PADRE ABAD,IRAZOLA,11702
UCAYALI,PADRE ABAD,CURIMANA,9789
UCAYALI,PADRE ABAD,NESHUYA,9669
UCAYALI,PADRE ABAD,ALEXANDER VON HUMBOLDT,6556
UCAYALI,PURUS,PURUS,3553
